ffy,stfips,st,age_at_start,age_at_lf,legally_free_first_day,total_kids_in_care_first_day,per_leg_free_first_day,became_legally_free,exit_one_year,per_exit_one_year
2010,1,AL,0,0,937,4739,0.197721038,529,256,0.483931947
2010,1,AL,1,1,195,1599,0.12195122,242,150,0.619834711
2010,1,AL,2,2,253,1087,0.23275069,144,63,0.4375
2010,1,AL,3,3,341,1328,0.256777108,126,35,0.277777778
2010,1,AL,4,4,148,725,0.204137931,17,8,0.470588235
2010,2,AK,0,0,393,1771,0.221908526,327,207,0.633027523
2010,2,AK,1,1,100,712,0.140449438,167,119,0.71257485
2010,2,AK,2,2,127,504,0.251984127,89,53,0.595505618
2010,2,AK,3,3,131,413,0.317191283,54,27,0.5
2010,2,AK,4,4,35,142,0.246478873,17,8,0.470588235
2010,4,AZ,0,0,2209,8544,0.258544007,2191,1559,0.711547239
2010,4,AZ,1,1,908,3594,0.252643294,1187,927,0.780960404
2010,4,AZ,2,2,620,2209,0.280669986,613,418,0.681892333
2010,4,AZ,3,3,534,1826,0.292442497,324,181,0.558641975
2010,4,AZ,4,4,147,915,0.160655738,67,33,0.492537313
2010,5,AR,0,0,803,3220,0.249378882,638,383,0.60031348
2010,5,AR,1,1,258,1277,0.202036022,367,278,0.757493188
2010,5,AR,2,2,267,809,0.330037083,155,78,0.503225806
2010,5,AR,3,3,212,735,0.288435374,98,23,0.234693878
2010,5,AR,4,4,66,399,0.165413534,18,4,0.222222222
2010,6,CA,0,0,8157,49933,0.163358901,5759,3568,0.619552006
2010,6,CA,1,1,3444,16224,0.212278107,3643,2445,0.671150151
2010,6,CA,2,2,2402,11361,0.211425051,1319,736,0.557998484
2010,6,CA,3,3,1698,13749,0.123499891,662,332,0.501510574
2010,6,CA,4,4,613,8599,0.071287359,135,55,0.407407407
2010,8,CO,0,0,1212,5097,0.237786933,765,411,0.537254902
2010,8,CO,1,1,458,1651,0.277407632,515,318,0.617475728
2010,8,CO,2,2,344,1015,0.338916256,175,71,0.405714286
2010,8,CO,3,3,303,1289,0.235065943,66,19,0.287878788
2010,8,CO,4,4,107,1142,0.093695271,9,3,0.333333333
2010,9,CT,0,0,788,3952,0.199392713,542,356,0.656826568
2010,9,CT,1,1,213,1232,0.17288961,310,238,0.767741935
2010,9,CT,2,2,176,726,0.242424242,132,71,0.537878788
2010,9,CT,3,3,263,1064,0.247180451,82,39,0.475609756
2010,9,CT,4,4,136,930,0.146236559,18,8,0.444444444
2010,10,DE,0,0,137,659,0.207890744,84,45,0.535714286
2010,10,DE,1,1,24,191,0.12565445,47,35,0.744680851
2010,10,DE,2,2,46,158,0.291139241,22,6,0.272727273
2010,10,DE,3,3,48,183,0.262295082,12,3,0.25
2010,10,DE,4,4,19,127,0.149606299,3,1,0.333333333
2010,11,DC,0,0,89,1368,0.06505848,103,75,0.72815534
2010,11,DC,1,1,19,402,0.047263682,54,47,0.87037037
2010,11,DC,2,2,30,331,0.090634441,25,14,0.56
2010,11,DC,3,3,31,395,0.078481013,21,11,0.523809524
2010,11,DC,4,4,9,240,0.0375,3,3,1
2010,12,FL,0,0,3907,17602,0.221963413,2973,2029,0.682475614
2010,12,FL,1,1,1229,7689,0.159838731,1688,1305,0.773104265
2010,12,FL,2,2,1026,4360,0.235321101,737,486,0.659430122
2010,12,FL,3,3,1096,3675,0.298231293,464,208,0.448275862
2010,12,FL,4,4,556,1878,0.296059638,84,30,0.357142857
2010,13,GA,0,0,1326,7124,0.186131387,1106,636,0.575045208
2010,13,GA,1,1,392,2715,0.144383057,575,412,0.716521739
2010,13,GA,2,2,379,1685,0.224925816,283,136,0.480565371
2010,13,GA,3,3,390,1682,0.231866825,206,73,0.354368932
2010,13,GA,4,4,165,1042,0.158349328,42,15,0.357142857
2010,15,HI,0,0,351,1304,0.269171779,223,147,0.659192825
2010,15,HI,1,1,72,490,0.146938776,130,97,0.746153846
2010,15,HI,2,2,88,340,0.258823529,60,34,0.566666667
2010,15,HI,3,3,118,300,0.393333333,22,10,0.454545455
2010,15,HI,4,4,73,174,0.41954023,11,6,0.545454545
2010,16,ID,0,0,367,1308,0.28058104,261,195,0.747126437
2010,16,ID,1,1,113,521,0.216890595,138,113,0.81884058
2010,16,ID,2,2,114,346,0.329479769,79,58,0.734177215
2010,16,ID,3,3,95,290,0.327586207,32,20,0.625
2010,16,ID,4,4,45,151,0.298013245,12,4,0.333333333
2010,17,IL,0,0,2665,13957,0.190943613,1637,367,0.224190593
2010,17,IL,1,1,853,5349,0.15946906,879,216,0.245733788
2010,17,IL,2,2,890,3875,0.229677419,493,110,0.223123732
2010,17,IL,3,3,645,3173,0.203277655,236,36,0.152542373
2010,17,IL,4,4,277,1560,0.177564103,29,5,0.172413793
2010,18,IN,0,0,1915,11118,0.172243209,1639,932,0.568639414
2010,18,IN,1,1,595,4391,0.135504441,848,576,0.679245283
2010,18,IN,2,2,564,2925,0.192820513,467,237,0.507494647
2010,18,IN,3,3,545,2499,0.218087235,259,95,0.366795367
2010,18,IN,4,4,211,1303,0.161933998,65,24,0.369230769
2010,19,IA,0,0,784,5444,0.144011756,870,609,0.7
2010,19,IA,1,1,347,1864,0.186158798,538,399,0.741635688
2010,19,IA,2,2,222,1166,0.190394511,238,163,0.68487395
2010,19,IA,3,3,153,1354,0.112998523,83,43,0.518072289
2010,19,IA,4,4,62,1060,0.058490566,11,4,0.363636364
2010,20,KS,0,0,1346,4946,0.272139102,822,356,0.433090024
2010,20,KS,1,1,415,1588,0.261335013,391,217,0.554987212
2010,20,KS,2,2,374,1262,0.296354992,232,87,0.375
2010,20,KS,3,3,385,1278,0.301251956,155,42,0.270967742
2010,20,KS,4,4,172,818,0.210268949,44,10,0.227272727
2010,21,KY,0,0,1128,5713,0.197444425,975,539,0.552820513
2010,21,KY,1,1,225,1872,0.120192308,409,305,0.745721271
2010,21,KY,2,2,266,1258,0.211446741,274,151,0.551094891
2010,21,KY,3,3,384,1422,0.270042194,205,71,0.346341463
2010,21,KY,4,4,253,1161,0.21791559,87,12,0.137931034
2010,22,LA,0,0,822,4479,0.183523108,718,417,0.580779944
2010,22,LA,1,1,261,1807,0.144438296,368,256,0.695652174
2010,22,LA,2,2,231,1161,0.198966408,230,123,0.534782609
2010,22,LA,3,3,224,972,0.230452675,110,35,0.318181818
2010,22,LA,4,4,106,539,0.196660482,10,3,0.3
2010,23,ME,0,0,508,1477,0.34394042,300,136,0.453333333
2010,23,ME,1,1,172,636,0.270440252,182,103,0.565934066
2010,23,ME,2,2,132,353,0.373937677,68,20,0.294117647
2010,23,ME,3,3,137,313,0.437699681,44,10,0.227272727
2010,23,ME,4,4,67,175,0.382857143,6,3,0.5
2010,24,MD,0,0,268,5884,0.045547247,276,214,0.775362319
2010,24,MD,1,1,76,1764,0.0430839,170,142,0.835294118
2010,24,MD,2,2,80,1285,0.062256809,68,54,0.794117647
2010,24,MD,3,3,75,1756,0.042710706,31,15,0.483870968
2010,24,MD,4,4,37,1079,0.03429101,7,3,0.428571429
2010,25,MA,0,0,1551,8223,0.188617293,843,345,0.409252669
2010,25,MA,1,1,544,2523,0.21561633,539,262,0.486085343
2010,25,MA,2,2,436,1716,0.254079254,196,56,0.285714286
2010,25,MA,3,3,408,2240,0.182142857,94,24,0.255319149
2010,25,MA,4,4,163,1744,0.093463303,14,3,0.214285714
2010,26,MI,0,0,4629,14972,0.309177131,2605,1165,0.447216891
2010,26,MI,1,1,1512,5365,0.281826654,1376,754,0.547965116
2010,26,MI,2,2,1182,3494,0.338294219,648,278,0.429012346
2010,26,MI,3,3,1258,3437,0.366016875,423,118,0.278959811
2010,26,MI,4,4,677,2676,0.252989537,158,15,0.094936709
2010,27,MN,0,0,1119,4350,0.257241379,567,256,0.451499118
2010,27,MN,1,1,392,1289,0.304111715,338,196,0.579881657
2010,27,MN,2,2,295,879,0.335608646,132,44,0.333333333
2010,27,MN,3,3,302,1243,0.242960579,79,13,0.164556962
2010,27,MN,4,4,130,939,0.138445154,18,3,0.166666667
2010,28,MS,0,0,518,2910,0.178006873,393,210,0.534351145
2010,28,MS,1,1,144,1106,0.130198915,183,127,0.693989071
2010,28,MS,2,2,146,732,0.199453552,118,47,0.398305085
2010,28,MS,3,3,149,668,0.223053892,65,27,0.415384615
2010,28,MS,4,4,79,404,0.195544554,27,9,0.333333333
2010,29,MO,0,0,1028,7156,0.143655674,1100,879,0.799090909
2010,29,MO,1,1,218,2547,0.085590891,583,516,0.885077187
2010,29,MO,2,2,239,1739,0.137435308,323,233,0.721362229
2010,29,MO,3,3,351,1769,0.198417185,154,101,0.655844156
2010,29,MO,4,4,220,1101,0.199818347,40,29,0.725
2010,30,MT,0,0,340,1526,0.222804718,257,135,0.525291829
2010,30,MT,1,1,93,604,0.15397351,126,84,0.666666667
2010,30,MT,2,2,89,422,0.210900474,82,43,0.524390244
2010,30,MT,3,3,110,355,0.309859155,36,7,0.194444444
2010,30,MT,4,4,48,145,0.331034483,13,1,0.076923077
2010,31,NE,0,0,554,4059,0.136486819,416,265,0.637019231
2010,31,NE,1,1,133,1287,0.103341103,207,158,0.763285024
2010,31,NE,2,2,168,951,0.176656151,130,77,0.592307692
2010,31,NE,3,3,163,1002,0.162674651,63,23,0.365079365
2010,31,NE,4,4,90,819,0.10989011,16,7,0.4375
2010,32,NV,0,0,998,4439,0.224825411,809,361,0.446229913
2010,32,NV,1,1,381,1916,0.198851775,431,240,0.556844548
2010,32,NV,2,2,310,1234,0.251215559,243,83,0.341563786
2010,32,NV,3,3,251,919,0.27312296,114,34,0.298245614
2010,32,NV,4,4,56,370,0.151351351,21,4,0.19047619
2010,33,NH,0,0,111,718,0.1545961,157,134,0.853503185
2010,33,NH,1,1,31,229,0.135371179,72,69,0.958333333
2010,33,NH,2,2,36,169,0.213017751,52,41,0.788461538
2010,33,NH,3,3,34,207,0.164251208,30,21,0.7
2010,33,NH,4,4,10,113,0.088495575,3,3,1
2010,34,NJ,0,0,1235,6855,0.180160467,1083,747,0.689750693
2010,34,NJ,1,1,501,3066,0.163405088,662,503,0.759818731
2010,34,NJ,2,2,347,1518,0.22859025,245,150,0.612244898
2010,34,NJ,3,3,291,1469,0.198093941,137,81,0.591240876
2010,34,NJ,4,4,96,802,0.119700748,39,13,0.333333333
2010,35,NM,0,0,605,1840,0.328804348,338,173,0.51183432
2010,35,NM,1,1,198,721,0.274618585,162,104,0.641975309
2010,35,NM,2,2,183,573,0.319371728,105,46,0.438095238
2010,35,NM,3,3,154,393,0.391857506,61,21,0.344262295
2010,35,NM,4,4,70,153,0.45751634,10,2,0.2
2010,36,NY,0,0,3594,21517,0.16703072,2303,1144,0.496743378
2010,36,NY,1,1,863,6921,0.124692963,1047,635,0.606494747
2010,36,NY,2,2,1061,5380,0.197211896,680,314,0.461764706
2010,36,NY,3,3,1079,5434,0.198564593,456,168,0.368421053
2010,36,NY,4,4,591,3782,0.156266526,120,27,0.225
2010,37,NC,0,0,1641,8068,0.203396133,1306,747,0.571975498
2010,37,NC,1,1,522,3025,0.172561983,680,481,0.707352941
2010,37,NC,2,2,457,2030,0.225123153,369,178,0.482384824
2010,37,NC,3,3,481,1957,0.245784364,231,80,0.346320346
2010,37,NC,4,4,181,1056,0.171401515,26,8,0.307692308
2010,38,ND,0,0,178,912,0.195175439,126,60,0.476190476
2010,38,ND,1,1,60,261,0.229885057,64,40,0.625
2010,38,ND,2,2,66,193,0.341968912,36,11,0.305555556
2010,38,ND,3,3,38,268,0.141791045,24,8,0.333333333
2010,38,ND,4,4,14,190,0.073684211,2,1,0.5
2010,39,OH,0,0,2772,10233,0.270888303,1491,741,0.496981891
2010,39,OH,1,1,842,3830,0.219843342,837,545,0.651135006
2010,39,OH,2,2,730,2210,0.330316742,310,108,0.348387097
2010,39,OH,3,3,797,2489,0.320208919,250,73,0.292
2010,39,OH,4,4,403,1704,0.236502347,94,15,0.159574468
2010,40,OK,0,0,2328,8218,0.283280604,1449,758,0.523119393
2010,40,OK,1,1,689,3532,0.195073613,828,514,0.620772947
2010,40,OK,2,2,698,2418,0.288668321,360,171,0.475
2010,40,OK,3,3,666,1675,0.39761194,206,58,0.281553398
2010,40,OK,4,4,275,593,0.463743676,55,15,0.272727273
2010,41,OR,0,0,1196,7490,0.159679573,772,382,0.494818653
2010,41,OR,1,1,425,2804,0.151569187,474,264,0.556962025
2010,41,OR,2,2,397,1991,0.199397288,209,83,0.397129187
2010,41,OR,3,3,295,1864,0.158261803,85,32,0.376470588
2010,41,OR,4,4,79,831,0.095066185,4,3,0.75
2010,42,PA,0,0,2049,13494,0.151845265,3295,1723,0.522913505
2010,42,PA,1,1,788,4632,0.170120898,1817,1057,0.581728123
2010,42,PA,2,2,630,3047,0.206760748,990,465,0.46969697
2010,42,PA,3,3,479,3242,0.147748304,428,178,0.41588785
2010,42,PA,4,4,152,2573,0.05907501,60,23,0.383333333
2010,44,RI,0,0,172,1610,0.106832298,193,161,0.834196891
2010,44,RI,1,1,17,493,0.034482759,105,103,0.980952381
2010,44,RI,2,2,40,312,0.128205128,50,34,0.68
2010,44,RI,3,3,76,423,0.179669031,28,19,0.678571429
2010,44,RI,4,4,39,382,0.102094241,10,5,0.5
2010,45,SC,0,0,866,4414,0.196193928,571,338,0.591943958
2010,45,SC,1,1,239,1561,0.153106983,294,223,0.758503401
2010,45,SC,2,2,261,1081,0.241443108,160,83,0.51875
2010,45,SC,3,3,259,1143,0.226596675,108,29,0.268518519
2010,45,SC,4,4,107,629,0.170111288,9,3,0.333333333
2010,46,SD,0,0,305,1312,0.232469512,216,79,0.365740741
2010,46,SD,1,1,90,504,0.178571429,100,48,0.48
2010,46,SD,2,2,82,360,0.227777778,64,21,0.328125
2010,46,SD,3,3,91,313,0.290734824,44,10,0.227272727
2010,46,SD,4,4,42,135,0.311111111,8,0,0
2010,47,TN,0,0,666,5154,0.129220023,907,702,0.773980154
2010,47,TN,1,1,142,1621,0.087600247,406,361,0.889162562
2010,47,TN,2,2,168,1077,0.155988858,222,180,0.810810811
2010,47,TN,3,3,213,1291,0.164988381,183,118,0.644808743
2010,47,TN,4,4,143,1165,0.122746781,96,43,0.447916667
2010,48,TX,0,0,9297,24709,0.376259662,5148,2255,0.438034188
2010,48,TX,1,1,2846,9928,0.286663981,2838,1531,0.539464412
2010,48,TX,2,2,2652,6634,0.399758818,1322,484,0.366111952
2010,48,TX,3,3,2726,5729,0.475824751,751,192,0.255659121
2010,48,TX,4,4,1073,2418,0.44375517,237,48,0.202531646
2010,49,UT,0,0,408,2121,0.192362093,555,443,0.798198198
2010,49,UT,1,1,137,637,0.215070644,324,294,0.907407407
2010,49,UT,2,2,108,434,0.248847926,152,107,0.703947368
2010,49,UT,3,3,121,603,0.20066335,65,35,0.538461538
2010,49,UT,4,4,42,447,0.093959732,14,7,0.5
2010,50,VT,0,0,152,804,0.189054726,146,122,0.835616438
2010,50,VT,1,1,32,204,0.156862745,74,72,0.972972973
2010,50,VT,2,2,39,156,0.25,37,30,0.810810811
2010,50,VT,3,3,53,217,0.244239631,21,13,0.619047619
2010,50,VT,4,4,28,227,0.123348018,14,7,0.5
2010,51,VA,0,0,1314,4719,0.278448824,764,338,0.442408377
2010,51,VA,1,1,341,1282,0.26599064,339,207,0.610619469
2010,51,VA,2,2,381,1090,0.349541284,205,69,0.336585366
2010,51,VA,3,3,424,1368,0.30994152,174,46,0.264367816
2010,51,VA,4,4,168,979,0.171603677,46,16,0.347826087
2010,53,WA,0,0,1979,9078,0.217999559,1506,975,0.647410359
2010,53,WA,1,1,698,3820,0.182722513,908,674,0.742290749
2010,53,WA,2,2,612,2395,0.255532359,369,212,0.574525745
2010,53,WA,3,3,510,2011,0.253605172,190,76,0.4
2010,53,WA,4,4,159,852,0.186619718,39,13,0.333333333
2010,54,WV,0,0,1124,3625,0.310068966,931,230,0.247046187
2010,54,WV,1,1,430,1236,0.34789644,454,154,0.339207048
2010,54,WV,2,2,313,863,0.362688297,268,43,0.160447761
2010,54,WV,3,3,274,902,0.303769401,181,29,0.160220994
2010,54,WV,4,4,107,624,0.171474359,28,4,0.142857143
2010,55,WI,0,0,593,5747,0.10318427,726,560,0.771349862
2010,55,WI,1,1,202,2053,0.098392596,386,325,0.841968912
2010,55,WI,2,2,181,1384,0.130780347,213,156,0.732394366
2010,55,WI,3,3,135,1326,0.101809955,108,72,0.666666667
2010,55,WI,4,4,75,984,0.076219512,19,7,0.368421053
2010,56,WY,0,0,48,857,0.056009335,80,60,0.75
2010,56,WY,1,1,13,248,0.052419355,35,29,0.828571429
2010,56,WY,2,2,11,189,0.058201058,28,21,0.75
2010,56,WY,3,3,19,249,0.076305221,13,9,0.692307692
2010,56,WY,4,4,5,171,0.029239766,4,1,0.25
2010,72,PR,0,0,5,2451,0.002039984,22,6,0.272727273
2010,72,PR,1,1,1,455,0.002197802,14,4,0.285714286
2010,72,PR,2,2,1,595,0.001680672,8,2,0.25
2010,72,PR,3,,3,962,0.003118503,,,
2010,72,PR,4,,0,439,0,,,
2011,1,AL,0,0,806,4680,0.172222222,429,249,0.58041958
2011,1,AL,1,1,175,1638,0.106837607,222,159,0.716216216
2011,1,AL,2,2,229,1136,0.201584507,111,57,0.513513514
2011,1,AL,3,3,284,1200,0.236666667,77,25,0.324675325
2011,1,AL,4,4,118,706,0.16713881,19,8,0.421052632
2011,2,AK,0,0,358,1663,0.215273602,323,214,0.6625387
2011,2,AK,1,1,96,683,0.140556369,179,134,0.748603352
2011,2,AK,2,2,112,469,0.23880597,89,54,0.606741573
2011,2,AK,3,3,118,373,0.316353887,41,23,0.56097561
2011,2,AK,4,4,32,138,0.231884058,14,3,0.214285714
2011,4,AZ,0,0,2293,9043,0.253566294,2322,1720,0.740740741
2011,4,AZ,1,1,926,3923,0.236043844,1318,1064,0.807283763
2011,4,AZ,2,2,670,2324,0.288296041,604,422,0.698675497
2011,4,AZ,3,3,538,1858,0.289558665,313,200,0.638977636
2011,4,AZ,4,4,159,938,0.169509595,87,34,0.390804598
2011,5,AR,0,0,789,3391,0.232674727,644,397,0.616459627
2011,5,AR,1,1,258,1395,0.184946237,362,277,0.76519337
2011,5,AR,2,2,234,898,0.260579065,175,90,0.514285714
2011,5,AR,3,3,227,753,0.301460823,96,23,0.239583333
2011,5,AR,4,4,70,345,0.202898551,11,7,0.636363636
2011,6,CA,0,0,6904,46510,0.148441195,6074,3769,0.620513665
2011,6,CA,1,1,2981,16012,0.18617287,3940,2607,0.661675127
2011,6,CA,2,2,1981,10721,0.184777539,1361,777,0.570903747
2011,6,CA,3,3,1415,12066,0.117271672,614,327,0.53257329
2011,6,CA,4,4,527,7711,0.068343924,159,58,0.364779874
2011,8,CO,0,0,1012,4811,0.210351278,768,428,0.557291667
2011,8,CO,1,1,397,1607,0.247044182,512,327,0.638671875
2011,8,CO,2,2,264,942,0.280254777,171,65,0.380116959
2011,8,CO,3,3,268,1267,0.211523283,77,30,0.38961039
2011,8,CO,4,4,83,995,0.083417085,8,6,0.75
2011,9,CT,0,0,667,4136,0.161266925,469,284,0.60554371
2011,9,CT,1,1,174,1336,0.130239521,298,209,0.701342282
2011,9,CT,2,2,157,765,0.205228758,105,51,0.485714286
2011,9,CT,3,3,208,1117,0.186213071,48,20,0.416666667
2011,9,CT,4,4,128,918,0.139433551,18,4,0.222222222
2011,10,DE,0,0,149,598,0.24916388,96,59,0.614583333
2011,10,DE,1,1,30,181,0.165745856,49,40,0.816326531
2011,10,DE,2,2,42,133,0.315789474,33,14,0.424242424
2011,10,DE,3,3,56,166,0.337349398,13,5,0.384615385
2011,10,DE,4,4,21,118,0.177966102,1,0,0
2011,11,DC,0,0,103,1367,0.075347476,95,86,0.905263158
2011,11,DC,1,1,16,407,0.039312039,50,47,0.94
2011,11,DC,2,2,27,365,0.073972603,29,26,0.896551724
2011,11,DC,3,3,44,380,0.115789474,11,10,0.909090909
2011,11,DC,4,4,16,215,0.074418605,5,3,0.6
2011,12,FL,0,0,3269,16904,0.193386181,3329,2278,0.684289576
2011,12,FL,1,1,1071,7649,0.140018303,1840,1419,0.771195652
2011,12,FL,2,2,813,4181,0.194451088,801,523,0.652933833
2011,12,FL,3,3,940,3397,0.276714748,543,281,0.517495396
2011,12,FL,4,4,445,1677,0.2653548,145,55,0.379310345
2011,13,GA,0,0,1315,7140,0.184173669,1035,618,0.597101449
2011,13,GA,1,1,433,2771,0.156261278,565,399,0.70619469
2011,13,GA,2,2,326,1515,0.215181518,261,132,0.505747126
2011,13,GA,3,3,393,1839,0.2137031,175,73,0.417142857
2011,13,GA,4,4,163,1015,0.160591133,34,14,0.411764706
2011,15,HI,0,0,311,1088,0.285845588,213,149,0.699530516
2011,15,HI,1,1,83,410,0.202439024,122,93,0.762295082
2011,15,HI,2,2,61,287,0.212543554,57,37,0.649122807
2011,15,HI,3,3,107,256,0.41796875,26,17,0.653846154
2011,15,HI,4,4,60,135,0.444444444,8,2,0.25
2011,16,ID,0,0,282,1300,0.216923077,244,183,0.75
2011,16,ID,1,1,82,477,0.171907757,118,105,0.889830508
2011,16,ID,2,2,88,348,0.252873563,56,38,0.678571429
2011,16,ID,3,3,76,321,0.236760125,60,35,0.583333333
2011,16,ID,4,4,36,154,0.233766234,10,5,0.5
2011,17,IL,0,0,1856,13705,0.135425027,998,263,0.263527054
2011,17,IL,1,1,571,5581,0.102311414,509,164,0.322200393
2011,17,IL,2,2,653,3877,0.168429198,329,75,0.227963526
2011,17,IL,3,3,474,2895,0.16373057,146,22,0.150684932
2011,17,IL,4,4,158,1352,0.116863905,14,2,0.142857143
2011,18,IN,0,0,1876,11205,0.167425257,1471,925,0.628823929
2011,18,IN,1,1,603,4556,0.132352941,802,570,0.710723192
2011,18,IN,2,2,545,2909,0.187349605,407,237,0.582309582
2011,18,IN,3,3,523,2511,0.208283552,225,101,0.448888889
2011,18,IN,4,4,205,1229,0.166802278,37,17,0.459459459
2011,19,IA,0,0,827,5531,0.149520882,929,702,0.755651238
2011,19,IA,1,1,390,1946,0.2004111,584,472,0.808219178
2011,19,IA,2,2,239,1242,0.192431562,223,149,0.668161435
2011,19,IA,3,3,150,1333,0.112528132,105,75,0.714285714
2011,19,IA,4,4,48,1010,0.047524752,17,6,0.352941176
2011,20,KS,0,0,1354,5216,0.25958589,833,435,0.522208884
2011,20,KS,1,1,369,1790,0.206145251,438,283,0.646118721
2011,20,KS,2,2,416,1320,0.315151515,218,97,0.444954128
2011,20,KS,3,3,393,1332,0.295045045,135,45,0.333333333
2011,20,KS,4,4,176,774,0.227390181,42,10,0.238095238
2011,21,KY,0,0,1184,5814,0.203646371,856,529,0.617990654
2011,21,KY,1,1,296,2005,0.147630923,375,292,0.778666667
2011,21,KY,2,2,289,1350,0.214074074,233,152,0.652360515
2011,21,KY,3,3,371,1434,0.258716876,186,73,0.392473118
2011,21,KY,4,4,228,1025,0.222439024,62,12,0.193548387
2011,22,LA,0,0,844,4043,0.208755874,755,443,0.586754967
2011,22,LA,1,1,268,1679,0.159618821,451,300,0.66518847
2011,22,LA,2,2,242,1077,0.224698236,191,100,0.523560209
2011,22,LA,3,3,231,821,0.28136419,100,37,0.37
2011,22,LA,4,4,103,466,0.221030043,13,6,0.461538462
2011,23,ME,0,0,504,1415,0.356183746,287,143,0.49825784
2011,23,ME,1,1,183,609,0.300492611,176,102,0.579545455
2011,23,ME,2,2,114,317,0.359621451,69,23,0.333333333
2011,23,ME,3,3,138,320,0.43125,34,16,0.470588235
2011,23,ME,4,4,69,169,0.408284024,8,2,0.25
2011,24,MD,0,0,260,5088,0.051100629,265,205,0.773584906
2011,24,MD,1,1,87,1566,0.055555556,146,130,0.890410959
2011,24,MD,2,2,62,1013,0.061204344,69,47,0.68115942
2011,24,MD,3,3,76,1551,0.049000645,41,24,0.585365854
2011,24,MD,4,4,35,958,0.036534447,9,4,0.444444444
2011,25,MA,0,0,1581,7616,0.207589286,750,358,0.477333333
2011,25,MA,1,1,564,2350,0.24,464,246,0.530172414
2011,25,MA,2,2,460,1576,0.291878173,190,77,0.405263158
2011,25,MA,3,3,413,2141,0.192900514,82,32,0.390243902
2011,25,MA,4,4,144,1549,0.092963202,14,3,0.214285714
2011,26,MI,0,0,4074,13746,0.296377128,2299,1201,0.522401044
2011,26,MI,1,1,1411,5219,0.270358306,1244,800,0.643086817
2011,26,MI,2,2,1076,3320,0.324096386,585,290,0.495726496
2011,26,MI,3,3,1037,3037,0.341455384,357,97,0.271708683
2011,26,MI,4,4,550,2170,0.253456221,113,14,0.123893805
2011,27,MN,0,0,998,4106,0.243058938,623,307,0.492776886
2011,27,MN,1,1,355,1252,0.283546326,336,192,0.571428571
2011,27,MN,2,2,258,829,0.311218335,153,68,0.444444444
2011,27,MN,3,3,270,1241,0.217566479,95,35,0.368421053
2011,27,MN,4,4,115,784,0.146683673,39,12,0.307692308
2011,28,MS,0,0,506,3116,0.162387677,385,242,0.628571429
2011,28,MS,1,1,124,1189,0.104289319,205,148,0.72195122
2011,28,MS,2,2,144,813,0.177121771,101,61,0.603960396
2011,28,MS,3,3,156,725,0.215172414,65,26,0.4
2011,28,MS,4,4,82,389,0.210796915,14,7,0.5
2011,29,MO,0,0,952,7997,0.119044642,1167,937,0.802913453
2011,29,MO,1,1,208,2993,0.069495489,653,576,0.882082695
2011,29,MO,2,2,256,2045,0.125183374,346,263,0.760115607
2011,29,MO,3,3,303,1924,0.157484407,138,78,0.565217391
2011,29,MO,4,4,185,1035,0.178743961,30,20,0.666666667
2011,30,MT,0,0,337,1645,0.204863222,202,127,0.628712871
2011,30,MT,1,1,92,628,0.146496815,108,78,0.722222222
2011,30,MT,2,2,85,467,0.182012848,54,35,0.648148148
2011,30,MT,3,3,105,383,0.274151436,36,13,0.361111111
2011,30,MT,4,4,55,167,0.329341317,4,1,0.25
2011,31,NE,0,0,514,4158,0.123617124,466,313,0.67167382
2011,31,NE,1,1,125,1406,0.088904694,254,196,0.771653543
2011,31,NE,2,2,138,954,0.144654088,123,75,0.609756098
2011,31,NE,3,3,161,1006,0.160039761,75,37,0.493333333
2011,31,NE,4,4,90,792,0.113636364,14,5,0.357142857
2011,32,NV,0,0,1128,4440,0.254054054,672,417,0.620535714
2011,32,NV,1,1,398,1876,0.212153518,370,273,0.737837838
2011,32,NV,2,2,384,1257,0.30548926,185,104,0.562162162
2011,32,NV,3,3,270,951,0.283911672,102,36,0.352941176
2011,32,NV,4,4,76,356,0.213483146,15,4,0.266666667
2011,33,NH,0,0,105,634,0.165615142,105,81,0.771428571
2011,33,NH,1,1,32,194,0.164948454,53,47,0.886792453
2011,33,NH,2,2,41,147,0.278911565,34,23,0.676470588
2011,33,NH,3,3,27,175,0.154285714,14,7,0.5
2011,33,NH,4,4,5,118,0.042372881,4,4,1
2011,34,NJ,0,0,960,6169,0.155616794,1092,766,0.701465201
2011,34,NJ,1,1,418,2829,0.147755391,672,499,0.742559524
2011,34,NJ,2,2,268,1391,0.192667146,242,159,0.657024793
2011,34,NJ,3,3,204,1277,0.159749413,145,98,0.675862069
2011,34,NJ,4,4,70,672,0.104166667,33,10,0.303030303
2011,35,NM,0,0,493,1737,0.283822683,384,179,0.466145833
2011,35,NM,1,1,129,680,0.189705882,176,104,0.590909091
2011,35,NM,2,2,163,546,0.298534799,120,45,0.375
2011,35,NM,3,3,150,395,0.379746835,77,28,0.363636364
2011,35,NM,4,4,51,116,0.439655172,11,2,0.181818182
2011,36,NY,0,0,3484,20661,0.168626882,2261,1113,0.492260062
2011,36,NY,1,1,926,6954,0.133160771,965,578,0.598963731
2011,36,NY,2,2,1024,5096,0.200941915,712,337,0.473314607
2011,36,NY,3,3,1045,5196,0.201116243,479,169,0.352818372
2011,36,NY,4,4,489,3415,0.143191801,105,29,0.276190476
2011,37,NC,0,0,1468,7607,0.19298015,1258,866,0.688394277
2011,37,NC,1,1,461,2944,0.156589674,675,534,0.791111111
2011,37,NC,2,2,384,1866,0.205787781,335,215,0.641791045
2011,37,NC,3,3,440,1810,0.243093923,197,91,0.461928934
2011,37,NC,4,4,183,987,0.185410334,51,26,0.509803922
2011,38,ND,0,0,140,837,0.167264038,123,71,0.577235772
2011,38,ND,1,1,39,226,0.172566372,67,45,0.671641791
2011,38,ND,2,2,51,185,0.275675676,32,16,0.5
2011,38,ND,3,3,37,239,0.154811715,22,10,0.454545455
2011,38,ND,4,4,13,187,0.069518717,2,0,0
2011,39,OH,0,0,2617,10258,0.255117957,1353,685,0.506282336
2011,39,OH,1,1,763,4060,0.187931034,734,482,0.656675749
2011,39,OH,2,2,629,2183,0.288135593,318,137,0.43081761
2011,39,OH,3,3,804,2437,0.329913828,220,52,0.236363636
2011,39,OH,4,4,421,1578,0.266793409,81,14,0.172839506
2011,40,OK,0,0,2008,7466,0.268952585,1348,739,0.548219585
2011,40,OK,1,1,606,3210,0.188785047,710,477,0.671830986
2011,40,OK,2,2,562,2168,0.259225092,366,181,0.494535519
2011,40,OK,3,3,599,1541,0.388708631,214,70,0.327102804
2011,40,OK,4,4,241,547,0.440585009,58,11,0.189655172
2011,41,OR,0,0,1194,8138,0.146719096,852,303,0.355633803
2011,41,OR,1,1,415,3067,0.135311379,477,181,0.379454927
2011,41,OR,2,2,379,2123,0.178520961,255,84,0.329411765
2011,41,OR,3,3,303,2068,0.146518375,111,37,0.333333333
2011,41,OR,4,4,97,880,0.110227273,9,1,0.111111111
2011,42,PA,0,0,1983,12389,0.160061345,2044,1420,0.694716243
2011,42,PA,1,1,784,4401,0.178141332,1207,912,0.755592378
2011,42,PA,2,2,634,2696,0.235163205,535,341,0.637383178
2011,42,PA,3,3,418,2888,0.144736842,253,143,0.565217391
2011,42,PA,4,4,147,2404,0.061148087,49,24,0.489795918
2011,44,RI,0,0,148,1570,0.094267516,204,178,0.87254902
2011,44,RI,1,1,14,549,0.025500911,127,121,0.952755906
2011,44,RI,2,2,35,298,0.117449664,40,32,0.8
2011,44,RI,3,3,75,395,0.189873418,32,23,0.71875
2011,44,RI,4,4,24,328,0.073170732,5,2,0.4
2011,45,SC,0,0,829,3906,0.212237583,645,475,0.736434109
2011,45,SC,1,1,222,1374,0.161572052,351,314,0.894586895
2011,45,SC,2,2,242,929,0.260495156,171,119,0.695906433
2011,45,SC,3,3,267,1076,0.248141264,100,36,0.36
2011,45,SC,4,4,98,527,0.185958254,23,6,0.260869565
2011,46,SD,0,0,351,1343,0.261355175,177,59,0.333333333
2011,46,SD,1,1,98,500,0.196,100,43,0.43
2011,46,SD,2,2,101,403,0.250620347,55,9,0.163636364
2011,46,SD,3,3,110,325,0.338461538,15,4,0.266666667
2011,46,SD,4,4,42,115,0.365217391,7,3,0.428571429
2011,47,TN,0,0,552,5281,0.104525658,736,547,0.743206522
2011,47,TN,1,1,141,1693,0.083284111,338,282,0.834319527
2011,47,TN,2,2,127,1133,0.112091792,181,133,0.73480663
2011,47,TN,3,3,167,1328,0.125753012,152,100,0.657894737
2011,47,TN,4,4,117,1127,0.103815439,65,32,0.492307692
2011,48,TX,0,0,8866,27032,0.327981651,5667,2776,0.489853538
2011,48,TX,1,1,2681,11505,0.233029118,3296,1932,0.586165049
2011,48,TX,2,2,2376,7217,0.329222669,1421,584,0.410978184
2011,48,TX,3,3,2661,5906,0.450558754,751,232,0.308921438
2011,48,TX,4,4,1148,2404,0.477537438,199,28,0.140703518
2011,49,UT,0,0,383,2304,0.166232639,580,478,0.824137931
2011,49,UT,1,1,111,746,0.148793566,341,315,0.923753666
2011,49,UT,2,2,103,468,0.22008547,149,114,0.765100671
2011,49,UT,3,3,117,612,0.191176471,79,42,0.53164557
2011,49,UT,4,4,52,478,0.108786611,11,7,0.636363636
2011,50,VT,0,0,124,733,0.169167804,144,120,0.833333333
2011,50,VT,1,1,26,188,0.138297872,73,71,0.97260274
2011,50,VT,2,2,29,142,0.204225352,38,29,0.763157895
2011,50,VT,3,3,43,209,0.205741627,26,17,0.653846154
2011,50,VT,4,4,26,194,0.134020619,7,3,0.428571429
2011,51,VA,0,0,1183,4327,0.273399584,766,374,0.488250653
2011,51,VA,1,1,304,1234,0.246353323,334,211,0.631736527
2011,51,VA,2,2,309,960,0.321875,230,100,0.434782609
2011,51,VA,3,3,387,1272,0.304245283,150,48,0.32
2011,51,VA,4,4,183,861,0.212543554,52,15,0.288461538
2011,53,WA,0,0,1719,8785,0.195674445,1373,1043,0.759650401
2011,53,WA,1,1,628,4007,0.15672573,882,758,0.859410431
2011,53,WA,2,2,482,2121,0.227251297,298,197,0.661073826
2011,53,WA,3,3,446,1878,0.237486688,157,78,0.496815287
2011,53,WA,4,4,163,779,0.209242619,36,10,0.277777778
2011,54,WV,0,0,1094,3535,0.309476662,1343,282,0.209977662
2011,54,WV,1,1,414,1214,0.341021417,735,182,0.247619048
2011,54,WV,2,2,308,838,0.367541766,361,75,0.207756233
2011,54,WV,3,3,256,872,0.293577982,195,22,0.112820513
2011,54,WV,4,4,116,611,0.1898527,52,3,0.057692308
2011,55,WI,0,0,566,5639,0.100372406,765,580,0.758169935
2011,55,WI,1,1,198,2009,0.098556496,390,319,0.817948718
2011,55,WI,2,2,173,1409,0.122782115,225,172,0.764444444
2011,55,WI,3,3,133,1339,0.099327857,122,79,0.647540984
2011,55,WI,4,4,62,882,0.070294785,28,10,0.357142857
2011,56,WY,0,0,51,794,0.064231738,92,72,0.782608696
2011,56,WY,1,1,9,233,0.038626609,43,39,0.906976744
2011,56,WY,2,2,15,188,0.079787234,32,27,0.84375
2011,56,WY,3,3,21,201,0.104477612,11,5,0.454545455
2011,56,WY,4,4,6,172,0.034883721,6,1,0.166666667
2011,72,PR,0,0,89,4299,0.020702489,32,23,0.71875
2011,72,PR,1,1,5,768,0.006510417,17,13,0.764705882
2011,72,PR,2,2,29,1103,0.026291931,12,9,0.75
2011,72,PR,3,3,40,1607,0.024891101,3,1,0.333333333
2011,72,PR,4,,15,821,0.018270402,,,
2012,1,AL,0,0,696,4579,0.151998253,586,360,0.614334471
2012,1,AL,1,1,163,1568,0.103954082,292,209,0.715753425
2012,1,AL,2,2,176,1128,0.156028369,163,85,0.521472393
2012,1,AL,3,3,248,1237,0.200485044,108,52,0.481481481
2012,1,AL,4,4,109,646,0.16873065,23,14,0.608695652
2012,2,AK,0,0,372,1711,0.217416715,311,204,0.655948553
2012,2,AK,1,1,117,669,0.174887892,143,111,0.776223776
2012,2,AK,2,2,103,512,0.201171875,103,63,0.611650485
2012,2,AK,3,3,109,400,0.2725,51,26,0.509803922
2012,2,AK,4,4,43,130,0.330769231,14,4,0.285714286
2012,4,AZ,0,0,2214,9900,0.223636364,2600,1850,0.711538462
2012,4,AZ,1,1,933,4166,0.223955833,1443,1097,0.76022176
2012,4,AZ,2,2,615,2569,0.23939276,692,484,0.699421965
2012,4,AZ,3,3,488,2087,0.233828462,372,233,0.626344086
2012,4,AZ,4,4,178,1078,0.165120594,93,36,0.387096774
2012,5,AR,0,0,797,3408,0.233861502,698,460,0.659025788
2012,5,AR,1,1,260,1448,0.179558011,405,335,0.827160494
2012,5,AR,2,2,241,907,0.265711136,187,87,0.465240642
2012,5,AR,3,3,213,708,0.300847458,94,31,0.329787234
2012,5,AR,4,4,83,345,0.24057971,12,7,0.583333333
2012,6,CA,0,0,6575,45028,0.146020254,5891,3697,0.627567476
2012,6,CA,1,1,3024,16224,0.186390533,3773,2519,0.667638484
2012,6,CA,2,2,1833,10725,0.170909091,1410,816,0.578723404
2012,6,CA,3,3,1231,11074,0.111161279,588,316,0.537414966
2012,6,CA,4,4,487,7005,0.06952177,120,46,0.383333333
2012,8,CO,0,0,995,4417,0.225266018,646,362,0.560371517
2012,8,CO,1,1,410,1475,0.277966102,420,277,0.65952381
2012,8,CO,2,2,277,929,0.298170075,170,67,0.394117647
2012,8,CO,3,3,220,1092,0.201465201,52,16,0.307692308
2012,8,CO,4,4,88,921,0.095548317,4,2,0.5
2012,9,CT,0,0,559,3481,0.160586038,569,361,0.634446397
2012,9,CT,1,1,166,1216,0.136513158,326,246,0.754601227
2012,9,CT,2,2,128,712,0.179775281,153,78,0.509803922
2012,9,CT,3,3,171,935,0.182887701,80,33,0.4125
2012,9,CT,4,4,94,618,0.15210356,10,4,0.4
2012,10,DE,0,0,133,679,0.195876289,113,72,0.637168142
2012,10,DE,1,1,31,242,0.128099174,72,63,0.875
2012,10,DE,2,2,45,149,0.302013423,24,8,0.333333333
2012,10,DE,3,3,39,152,0.256578947,15,1,0.066666667
2012,10,DE,4,4,18,136,0.132352941,2,0,0
2012,11,DC,0,0,90,1165,0.077253219,100,89,0.89
2012,11,DC,1,1,21,347,0.060518732,50,43,0.86
2012,11,DC,2,2,27,327,0.082568807,38,36,0.947368421
2012,11,DC,3,3,27,326,0.082822086,7,6,0.857142857
2012,11,DC,4,4,15,165,0.090909091,5,4,0.8
2012,12,FL,0,0,3450,18011,0.191549609,3400,2296,0.675294118
2012,12,FL,1,1,1227,8252,0.148691226,1815,1399,0.770798898
2012,12,FL,2,2,879,4626,0.19001297,869,557,0.640966628
2012,12,FL,3,3,917,3541,0.258966394,535,282,0.527102804
2012,12,FL,4,4,427,1592,0.26821608,181,58,0.320441989
2012,13,GA,0,0,1054,6799,0.155022797,1015,615,0.60591133
2012,13,GA,1,1,356,2682,0.132736764,517,386,0.746615087
2012,13,GA,2,2,292,1706,0.17116061,269,145,0.539033457
2012,13,GA,3,3,297,1620,0.183333333,180,70,0.388888889
2012,13,GA,4,4,109,791,0.137800253,49,14,0.285714286
2012,15,HI,0,0,262,1026,0.255360624,192,111,0.578125
2012,15,HI,1,1,78,395,0.197468354,86,63,0.73255814
2012,15,HI,2,2,65,290,0.224137931,58,33,0.568965517
2012,15,HI,3,3,72,228,0.315789474,31,11,0.35483871
2012,15,HI,4,4,47,113,0.415929204,17,4,0.235294118
2012,16,ID,0,0,258,1234,0.209076175,215,163,0.758139535
2012,16,ID,1,1,80,504,0.158730159,121,111,0.917355372
2012,16,ID,2,2,59,298,0.197986577,51,31,0.607843137
2012,16,ID,3,3,88,303,0.290429043,33,16,0.484848485
2012,16,ID,4,4,31,129,0.240310078,10,5,0.5
2012,17,IL,0,0,1956,13702,0.142752883,989,306,0.309403438
2012,17,IL,1,1,582,5528,0.1052822,498,178,0.357429719
2012,17,IL,2,2,757,3997,0.189392044,305,92,0.301639344
2012,17,IL,3,3,476,2898,0.164251208,163,33,0.202453988
2012,17,IL,4,4,141,1279,0.110242377,23,3,0.130434783
2012,18,IN,0,0,1637,10129,0.161615164,857,457,0.533255543
2012,18,IN,1,1,508,4011,0.126651708,440,261,0.593181818
2012,18,IN,2,2,467,2688,0.173735119,240,115,0.479166667
2012,18,IN,3,3,489,2312,0.21150519,142,66,0.464788732
2012,18,IN,4,4,173,1118,0.154740608,35,15,0.428571429
2012,19,IA,0,0,859,5478,0.156809054,953,740,0.776495278
2012,19,IA,1,1,407,1930,0.210880829,542,450,0.830258303
2012,19,IA,2,2,251,1230,0.204065041,274,201,0.733576642
2012,19,IA,3,3,158,1338,0.118086697,112,75,0.669642857
2012,19,IA,4,4,43,980,0.043877551,25,14,0.56
2012,20,KS,0,0,1275,5196,0.245381062,886,368,0.415349887
2012,20,KS,1,1,381,1808,0.210730088,408,215,0.526960784
2012,20,KS,2,2,372,1371,0.271334792,268,98,0.365671642
2012,20,KS,3,3,374,1298,0.288135593,171,45,0.263157895
2012,20,KS,4,4,148,719,0.205841446,39,10,0.256410256
2012,21,KY,0,0,1123,5645,0.198937112,888,513,0.577702703
2012,21,KY,1,1,272,1993,0.136477672,373,309,0.828418231
2012,21,KY,2,2,270,1314,0.205479452,242,126,0.520661157
2012,21,KY,3,3,379,1411,0.268603827,192,64,0.333333333
2012,21,KY,4,4,202,927,0.217907228,81,14,0.172839506
2012,22,LA,0,0,887,4093,0.216711459,607,389,0.640856672
2012,22,LA,1,1,339,1672,0.202751196,341,264,0.774193548
2012,22,LA,2,2,237,1087,0.218031279,172,93,0.540697674
2012,22,LA,3,3,227,917,0.247546347,84,31,0.369047619
2012,22,LA,4,4,84,417,0.201438849,10,1,0.1
2012,23,ME,0,0,457,1180,0.387288136,274,92,0.335766423
2012,23,ME,1,1,163,512,0.318359375,166,63,0.379518072
2012,23,ME,2,2,114,277,0.411552347,69,19,0.275362319
2012,23,ME,3,3,122,258,0.472868217,34,8,0.235294118
2012,23,ME,4,4,58,133,0.436090226,5,2,0.4
2012,24,MD,0,0,220,4486,0.049041462,297,224,0.754208754
2012,24,MD,1,1,64,1413,0.045293701,181,157,0.867403315
2012,24,MD,2,2,59,904,0.065265487,66,43,0.651515152
2012,24,MD,3,3,69,1372,0.050291545,39,20,0.512820513
2012,24,MD,4,4,28,797,0.035131744,11,4,0.363636364
2012,25,MA,0,0,1475,7396,0.199432125,813,452,0.55596556
2012,25,MA,1,1,524,2344,0.223549488,496,314,0.633064516
2012,25,MA,2,2,426,1522,0.279894875,225,108,0.48
2012,25,MA,3,3,389,2023,0.19228868,78,22,0.282051282
2012,25,MA,4,4,136,1507,0.090245521,14,8,0.571428571
2012,26,MI,0,0,3468,12860,0.269673406,2520,1433,0.568650794
2012,26,MI,1,1,1224,4923,0.248628885,1332,899,0.674924925
2012,26,MI,2,2,908,3173,0.286164513,637,352,0.552590267
2012,26,MI,3,3,863,2747,0.314160903,451,161,0.356984479
2012,26,MI,4,4,473,2017,0.234506693,100,21,0.21
2012,27,MN,0,0,902,4163,0.21667067,703,371,0.527738265
2012,27,MN,1,1,307,1283,0.239282931,381,249,0.653543307
2012,27,MN,2,2,230,923,0.249187432,190,86,0.452631579
2012,27,MN,3,3,238,1194,0.199329983,109,32,0.293577982
2012,27,MN,4,4,127,763,0.166448231,23,4,0.173913043
2012,28,MS,0,0,496,3092,0.160413972,374,254,0.679144385
2012,28,MS,1,1,133,1191,0.111670865,188,154,0.819148936
2012,28,MS,2,2,143,807,0.177199504,103,65,0.631067961
2012,28,MS,3,3,158,738,0.214092141,66,29,0.439393939
2012,28,MS,4,4,62,356,0.174157303,17,6,0.352941176
2012,29,MO,0,0,890,8510,0.104582844,1167,957,0.820051414
2012,29,MO,1,1,218,3094,0.070458953,616,558,0.905844156
2012,29,MO,2,2,239,2257,0.105892778,316,247,0.78164557
2012,29,MO,3,3,283,2114,0.133869442,190,117,0.615789474
2012,29,MO,4,4,150,1045,0.14354067,45,35,0.777777778
2012,30,MT,0,0,298,1672,0.178229665,234,120,0.512820513
2012,30,MT,1,1,90,696,0.129310345,123,67,0.544715447
2012,30,MT,2,2,73,500,0.146,67,34,0.507462687
2012,30,MT,3,3,99,361,0.274238227,41,18,0.43902439
2012,30,MT,4,4,36,115,0.313043478,3,1,0.333333333
2012,31,NE,0,0,517,4382,0.117982656,594,415,0.698653199
2012,31,NE,1,1,139,1415,0.098233216,297,244,0.821548822
2012,31,NE,2,2,139,1062,0.130885122,187,120,0.64171123
2012,31,NE,3,3,152,1066,0.142589118,91,46,0.505494505
2012,31,NE,4,4,87,839,0.103694875,19,5,0.263157895
2012,32,NV,0,0,939,4336,0.216559041,729,469,0.643347051
2012,32,NV,1,1,344,1844,0.186550976,394,294,0.746192893
2012,32,NV,2,2,289,1217,0.237469187,205,121,0.590243902
2012,32,NV,3,3,221,905,0.244198895,104,48,0.461538462
2012,32,NV,4,4,85,370,0.22972973,26,6,0.230769231
2012,33,NH,0,0,69,564,0.122340426,103,87,0.844660194
2012,33,NH,1,1,28,197,0.14213198,48,44,0.916666667
2012,33,NH,2,2,19,130,0.146153846,39,30,0.769230769
2012,33,NH,3,3,18,151,0.119205298,13,10,0.769230769
2012,33,NH,4,4,4,86,0.046511628,3,3,1
2012,34,NJ,0,0,955,5884,0.162304555,1030,660,0.640776699
2012,34,NJ,1,1,436,2776,0.157060519,647,464,0.717156105
2012,34,NJ,2,2,272,1398,0.194563662,232,133,0.573275862
2012,34,NJ,3,3,195,1154,0.16897747,124,55,0.443548387
2012,34,NJ,4,4,52,556,0.09352518,27,8,0.296296296
2012,35,NM,0,0,495,1754,0.282212087,323,151,0.46749226
2012,35,NM,1,1,137,737,0.185888738,166,98,0.590361446
2012,35,NM,2,2,163,544,0.299632353,99,34,0.343434343
2012,35,NM,3,3,143,356,0.401685393,52,19,0.365384615
2012,35,NM,4,4,52,117,0.444444444,6,0,0
2012,36,NY,0,0,3328,19383,0.171696848,2182,1176,0.538955087
2012,36,NY,1,1,857,6752,0.126925355,1057,682,0.645222327
2012,36,NY,2,2,1012,4825,0.209740933,657,309,0.470319635
2012,36,NY,3,3,1029,4792,0.214732888,378,158,0.417989418
2012,36,NY,4,4,430,3014,0.142667551,90,27,0.3
2012,37,NC,0,0,1302,7427,0.175306315,1237,835,0.67502021
2012,37,NC,1,1,408,2926,0.139439508,617,480,0.777957861
2012,37,NC,2,2,324,1860,0.174193548,374,238,0.636363636
2012,37,NC,3,3,414,1732,0.239030023,210,106,0.504761905
2012,37,NC,4,4,156,909,0.171617162,36,11,0.305555556
2012,38,ND,0,0,141,882,0.159863946,119,67,0.56302521
2012,38,ND,1,1,50,249,0.200803213,65,46,0.707692308
2012,38,ND,2,2,40,209,0.19138756,36,15,0.416666667
2012,38,ND,3,3,42,229,0.183406114,17,5,0.294117647
2012,38,ND,4,4,9,195,0.046153846,1,1,1
2012,39,OH,0,0,1921,10530,0.182431149,1707,790,0.462800234
2012,39,OH,1,1,593,4217,0.140621295,893,561,0.628219485
2012,39,OH,2,2,475,2276,0.208699473,388,143,0.368556701
2012,39,OH,3,3,575,2488,0.231109325,288,67,0.232638889
2012,39,OH,4,4,278,1549,0.179470626,138,19,0.137681159
2012,40,OK,0,0,1882,7868,0.239196746,1463,909,0.621326042
2012,40,OK,1,1,565,3419,0.165252998,791,585,0.739570164
2012,40,OK,2,2,542,2343,0.231327358,386,224,0.580310881
2012,40,OK,3,3,550,1562,0.352112676,218,85,0.389908257
2012,40,OK,4,4,225,544,0.413602941,68,15,0.220588235
2012,41,OR,0,0,1202,7401,0.162410485,858,380,0.442890443
2012,41,OR,1,1,428,2742,0.156090445,455,230,0.505494505
2012,41,OR,2,2,404,2044,0.197651663,280,106,0.378571429
2012,41,OR,3,3,270,1831,0.147460404,112,41,0.366071429
2012,41,OR,4,4,100,784,0.12755102,11,3,0.272727273
2012,42,PA,0,0,1657,11089,0.14942736,1958,1475,0.753319714
2012,42,PA,1,1,674,4171,0.161591944,1091,913,0.836846929
2012,42,PA,2,2,486,2433,0.199753391,575,393,0.683478261
2012,42,PA,3,3,360,2580,0.139534884,254,145,0.570866142
2012,42,PA,4,4,137,1905,0.07191601,38,24,0.631578947
2012,44,RI,0,0,131,1390,0.094244604,183,159,0.868852459
2012,44,RI,1,1,15,505,0.02970297,104,100,0.961538462
2012,44,RI,2,2,27,287,0.094076655,40,35,0.875
2012,44,RI,3,3,61,338,0.180473373,34,21,0.617647059
2012,44,RI,4,4,28,260,0.107692308,5,3,0.6
2012,45,SC,0,0,834,3376,0.247037915,596,399,0.669463087
2012,45,SC,1,1,237,1155,0.205194805,294,250,0.850340136
2012,45,SC,2,2,217,838,0.258949881,166,105,0.63253012
2012,45,SC,3,3,274,909,0.301430143,98,37,0.37755102
2012,45,SC,4,4,106,474,0.223628692,38,7,0.184210526
2012,46,SD,0,0,310,1272,0.243710692,159,76,0.477987421
2012,46,SD,1,1,76,482,0.157676349,82,46,0.56097561
2012,46,SD,2,2,92,360,0.255555556,47,21,0.446808511
2012,46,SD,3,3,103,307,0.335504886,21,6,0.285714286
2012,46,SD,4,4,39,123,0.317073171,9,3,0.333333333
2012,47,TN,0,0,502,6153,0.081586218,952,736,0.773109244
2012,47,TN,1,1,138,2150,0.064186047,445,402,0.903370787
2012,47,TN,2,2,108,1329,0.081264108,244,192,0.786885246
2012,47,TN,3,3,168,1509,0.111332008,179,100,0.558659218
2012,47,TN,4,4,88,1165,0.075536481,84,42,0.5
2012,48,TX,0,0,9026,28121,0.320970094,5848,3006,0.514021888
2012,48,TX,1,1,2985,12006,0.248625687,3296,2045,0.620449029
2012,48,TX,2,2,2408,7698,0.312808522,1504,650,0.432180851
2012,48,TX,3,3,2552,5997,0.425546106,818,263,0.321515892
2012,48,TX,4,4,1081,2420,0.446694215,230,48,0.208695652
2012,49,UT,0,0,404,2085,0.193764988,527,435,0.825426945
2012,49,UT,1,1,117,631,0.185419968,311,286,0.919614148
2012,49,UT,2,2,110,443,0.248306998,149,104,0.697986577
2012,49,UT,3,3,125,599,0.208681135,59,41,0.694915254
2012,49,UT,4,4,52,412,0.126213592,8,4,0.5
2012,50,VT,0,0,120,792,0.151515152,209,159,0.76076555
2012,50,VT,1,1,33,238,0.138655462,93,87,0.935483871
2012,50,VT,2,2,21,140,0.15,61,42,0.68852459
2012,50,VT,3,3,48,227,0.211453744,48,27,0.5625
2012,50,VT,4,4,18,187,0.096256684,7,3,0.428571429
2012,51,VA,0,0,1102,4036,0.273042616,762,377,0.494750656
2012,51,VA,1,1,289,1168,0.247431507,340,211,0.620588235
2012,51,VA,2,2,290,935,0.310160428,212,88,0.41509434
2012,51,VA,3,3,365,1172,0.311433447,162,64,0.395061728
2012,51,VA,4,4,158,761,0.207621551,48,14,0.291666667
2012,53,WA,0,0,1413,8766,0.161190965,1346,896,0.665676077
2012,53,WA,1,1,543,4016,0.135209163,836,636,0.76076555
2012,53,WA,2,2,336,2192,0.153284672,331,194,0.586102719
2012,53,WA,3,3,375,1771,0.211744777,148,56,0.378378378
2012,53,WA,4,4,159,787,0.202033037,31,10,0.322580645
2012,54,WV,0,0,1117,3735,0.299062918,867,373,0.430219146
2012,54,WV,1,1,434,1345,0.32267658,440,224,0.509090909
2012,54,WV,2,2,311,872,0.356651376,246,97,0.394308943
2012,54,WV,3,3,239,902,0.264966741,138,44,0.31884058
2012,54,WV,4,4,133,616,0.215909091,43,8,0.186046512
2012,55,WI,0,0,640,5657,0.11313417,738,570,0.772357724
2012,55,WI,1,1,232,2073,0.111915099,403,335,0.831265509
2012,55,WI,2,2,197,1445,0.13633218,225,170,0.755555556
2012,55,WI,3,3,157,1341,0.117076808,87,49,0.563218391
2012,55,WI,4,4,54,798,0.067669173,23,16,0.695652174
2012,56,WY,0,0,60,746,0.080428954,85,66,0.776470588
2012,56,WY,1,1,17,208,0.081730769,40,35,0.875
2012,56,WY,2,2,18,178,0.101123596,28,21,0.75
2012,56,WY,3,3,16,215,0.074418605,16,10,0.625
2012,56,WY,4,4,9,145,0.062068966,1,0,0
2012,72,PR,0,0,31,4466,0.006941335,18,9,0.5
2012,72,PR,1,1,5,889,0.005624297,13,7,0.538461538
2012,72,PR,2,2,9,1176,0.007653061,4,2,0.5
2012,72,PR,3,3,13,1570,0.008280255,1,0,0
2012,72,PR,4,,4,831,0.004813478,,,
2013,1,AL,0,0,646,3895,0.165853659,526,329,0.625475285
2013,1,AL,1,1,147,1422,0.103375527,260,201,0.773076923
2013,1,AL,2,2,176,960,0.183333333,142,72,0.507042254
2013,1,AL,3,3,229,987,0.232016211,99,45,0.454545455
2013,1,AL,4,4,94,526,0.178707224,25,11,0.44
2013,2,AK,0,0,359,1748,0.205377574,371,272,0.733153639
2013,2,AK,1,1,96,697,0.137733142,177,153,0.86440678
2013,2,AK,2,2,124,529,0.234404537,111,78,0.702702703
2013,2,AK,3,3,103,393,0.262086514,62,34,0.548387097
2013,2,AK,4,4,36,129,0.279069767,21,7,0.333333333
2013,4,AZ,0,0,2411,12338,0.195412547,3010,2223,0.738538206
2013,4,AZ,1,1,1037,5128,0.202223089,1619,1286,0.79431748
2013,4,AZ,2,2,676,3469,0.194868838,874,636,0.727688787
2013,4,AZ,3,3,512,2483,0.206202175,408,246,0.602941176
2013,4,AZ,4,4,186,1258,0.147853736,109,55,0.504587156
2013,5,AR,0,0,782,3349,0.233502538,784,528,0.673469388
2013,5,AR,1,1,233,1354,0.172082718,457,365,0.79868709
2013,5,AR,2,2,233,910,0.256043956,199,112,0.56281407
2013,5,AR,3,3,239,761,0.314060447,109,44,0.403669725
2013,5,AR,4,4,77,324,0.237654321,19,7,0.368421053
2013,6,CA,0,0,6293,43945,0.143201729,6038,3562,0.589930441
2013,6,CA,1,1,2973,16204,0.183473216,3874,2477,0.639390811
2013,6,CA,2,2,1779,10924,0.162852435,1465,756,0.516040956
2013,6,CA,3,3,1122,10549,0.106360792,597,284,0.475711893
2013,6,CA,4,4,419,6268,0.066847479,102,45,0.441176471
2013,8,CO,0,0,772,4121,0.187333172,634,340,0.536277603
2013,8,CO,1,1,312,1334,0.233883058,421,254,0.603325416
2013,8,CO,2,2,235,903,0.260243632,150,64,0.426666667
2013,8,CO,3,3,163,1038,0.157032755,53,19,0.358490566
2013,8,CO,4,4,62,846,0.073286052,10,3,0.3
2013,9,CT,0,0,645,3179,0.202893992,444,302,0.68018018
2013,9,CT,1,1,219,1160,0.188793103,252,192,0.761904762
2013,9,CT,2,2,158,632,0.25,112,71,0.633928571
2013,9,CT,3,3,182,788,0.230964467,69,33,0.47826087
2013,9,CT,4,4,86,599,0.143572621,11,6,0.545454545
2013,10,DE,0,0,143,638,0.224137931,92,73,0.793478261
2013,10,DE,1,1,47,244,0.192622951,63,54,0.857142857
2013,10,DE,2,2,35,130,0.269230769,16,12,0.75
2013,10,DE,3,3,40,143,0.27972028,11,6,0.545454545
2013,10,DE,4,4,21,121,0.173553719,2,1,0.5
2013,11,DC,0,0,71,1006,0.070576541,93,84,0.903225806
2013,11,DC,1,1,18,306,0.058823529,47,44,0.936170213
2013,11,DC,2,2,25,280,0.089285714,38,32,0.842105263
2013,11,DC,3,3,14,274,0.051094891,6,6,1
2013,11,DC,4,4,14,146,0.095890411,2,2,1
2013,12,FL,0,0,3275,17983,0.182116443,3673,2393,0.651511026
2013,12,FL,1,1,1210,8140,0.148648649,1849,1388,0.750676041
2013,12,FL,2,2,822,4869,0.168823167,993,626,0.63041289
2013,12,FL,3,3,821,3449,0.238040012,623,310,0.497592295
2013,12,FL,4,4,422,1525,0.276721311,208,69,0.331730769
2013,13,GA,0,0,1102,7051,0.156289888,1044,632,0.605363985
2013,13,GA,1,1,354,2766,0.127982646,582,409,0.702749141
2013,13,GA,2,2,311,1855,0.167654987,281,154,0.548042705
2013,13,GA,3,3,296,1598,0.185231539,152,58,0.381578947
2013,13,GA,4,4,141,832,0.169471154,29,11,0.379310345
2013,15,HI,0,0,216,978,0.220858896,147,99,0.673469388
2013,15,HI,1,1,52,364,0.142857143,77,57,0.74025974
2013,15,HI,2,2,58,287,0.202090592,48,33,0.6875
2013,15,HI,3,3,68,230,0.295652174,16,6,0.375
2013,15,HI,4,4,38,97,0.391752577,6,3,0.5
2013,16,ID,0,0,192,1143,0.167979003,249,183,0.734939759
2013,16,ID,1,1,54,451,0.119733925,119,103,0.865546218
2013,16,ID,2,2,45,312,0.144230769,79,59,0.746835443
2013,16,ID,3,3,65,262,0.248091603,37,18,0.486486486
2013,16,ID,4,4,28,118,0.237288136,14,3,0.214285714
2013,17,IL,0,0,1705,13242,0.128756985,989,254,0.256825076
2013,17,IL,1,1,505,5335,0.094657919,506,158,0.312252964
2013,17,IL,2,2,627,3821,0.164093169,313,73,0.233226837
2013,17,IL,3,3,433,2841,0.152411123,157,22,0.140127389
2013,17,IL,4,4,140,1245,0.112449799,11,1,0.090909091
2013,18,IN,0,0,1058,9999,0.105810581,865,433,0.500578035
2013,18,IN,1,1,276,4087,0.067531196,437,252,0.576659039
2013,18,IN,2,2,277,2782,0.099568656,273,131,0.47985348
2013,18,IN,3,3,366,2181,0.16781293,124,46,0.370967742
2013,18,IN,4,4,139,949,0.146469968,31,4,0.129032258
2013,19,IA,0,0,770,5419,0.142092637,878,640,0.728929385
2013,19,IA,1,1,342,1794,0.190635452,500,374,0.748
2013,19,IA,2,2,235,1329,0.17682468,259,189,0.72972973
2013,19,IA,3,3,145,1306,0.111026034,99,66,0.666666667
2013,19,IA,4,4,48,990,0.048484848,20,11,0.55
2013,20,KS,0,0,1284,5344,0.240269461,797,347,0.435382685
2013,20,KS,1,1,359,1871,0.191876002,427,225,0.526932084
2013,20,KS,2,2,382,1446,0.26417704,228,78,0.342105263
2013,20,KS,3,3,397,1288,0.308229814,113,32,0.283185841
2013,20,KS,4,4,146,739,0.197564276,29,12,0.413793103
2013,21,KY,0,0,1113,5951,0.18702739,968,582,0.601239669
2013,21,KY,1,1,255,2109,0.120910384,422,325,0.77014218
2013,21,KY,2,2,253,1448,0.174723757,285,159,0.557894737
2013,21,KY,3,3,375,1477,0.253893026,193,80,0.414507772
2013,21,KY,4,4,230,917,0.250817884,68,18,0.264705882
2013,22,LA,0,0,804,3689,0.217945243,671,506,0.754098361
2013,22,LA,1,1,247,1464,0.168715847,349,299,0.856733524
2013,22,LA,2,2,233,1030,0.226213592,206,143,0.694174757
2013,22,LA,3,3,224,812,0.275862069,106,58,0.547169811
2013,22,LA,4,4,100,383,0.261096606,10,6,0.6
2013,23,ME,0,0,427,1406,0.303698435,303,99,0.326732673
2013,23,ME,1,1,157,683,0.229868228,186,71,0.38172043
2013,23,ME,2,2,116,352,0.329545455,78,25,0.320512821
2013,23,ME,3,3,109,252,0.432539683,31,3,0.096774194
2013,23,ME,4,4,45,119,0.378151261,8,0,0
2013,24,MD,0,0,215,4110,0.052311436,250,208,0.832
2013,24,MD,1,1,81,1355,0.059778598,158,140,0.886075949
2013,24,MD,2,2,45,858,0.052447552,60,46,0.766666667
2013,24,MD,3,3,60,1175,0.05106383,27,19,0.703703704
2013,24,MD,4,4,29,722,0.040166205,5,3,0.6
2013,25,MA,0,0,1334,7332,0.181942171,719,426,0.592489569
2013,25,MA,1,1,463,2369,0.195441114,466,315,0.675965665
2013,25,MA,2,2,385,1554,0.247747748,188,91,0.484042553
2013,25,MA,3,3,354,1959,0.180704441,58,18,0.310344828
2013,25,MA,4,4,132,1450,0.091034483,7,2,0.285714286
2013,26,MI,0,0,2976,11927,0.249517901,2514,1445,0.574781225
2013,26,MI,1,1,1052,4651,0.226187917,1382,934,0.675832127
2013,26,MI,2,2,768,2924,0.262653899,666,352,0.528528529
2013,26,MI,3,3,755,2558,0.295152463,380,145,0.381578947
2013,26,MI,4,4,401,1794,0.223522854,86,14,0.162790698
2013,27,MN,0,0,946,4463,0.211965046,923,434,0.47020585
2013,27,MN,1,1,342,1490,0.229530201,506,289,0.571146245
2013,27,MN,2,2,245,991,0.247225025,237,100,0.421940928
2013,27,MN,3,3,249,1195,0.208368201,139,34,0.244604317
2013,27,MN,4,4,110,787,0.139771283,41,11,0.268292683
2013,28,MS,0,0,390,3175,0.122834646,374,271,0.72459893
2013,28,MS,1,1,99,1173,0.084398977,164,134,0.817073171
2013,28,MS,2,2,106,856,0.123831776,116,84,0.724137931
2013,28,MS,3,3,131,809,0.161928307,71,44,0.61971831
2013,28,MS,4,4,54,337,0.160237389,23,9,0.391304348
2013,29,MO,0,0,838,9067,0.092423073,1244,1048,0.84244373
2013,29,MO,1,1,221,3321,0.066546221,640,593,0.9265625
2013,29,MO,2,2,183,2434,0.075184881,387,308,0.795865633
2013,29,MO,3,3,303,2232,0.135752688,173,115,0.664739884
2013,29,MO,4,4,131,1080,0.121296296,44,32,0.727272727
2013,30,MT,0,0,295,1895,0.155672823,261,99,0.379310345
2013,30,MT,1,1,99,819,0.120879121,141,63,0.446808511
2013,30,MT,2,2,71,553,0.128390597,75,27,0.36
2013,30,MT,3,3,92,406,0.226600985,32,8,0.25
2013,30,MT,4,4,33,117,0.282051282,13,1,0.076923077
2013,31,NE,0,0,514,4130,0.124455206,583,405,0.694682676
2013,31,NE,1,1,151,1271,0.118804091,286,228,0.797202797
2013,31,NE,2,2,179,1110,0.161261261,189,114,0.603174603
2013,31,NE,3,3,121,1005,0.12039801,87,51,0.586206897
2013,31,NE,4,4,63,744,0.084677419,21,12,0.571428571
2013,32,NV,0,0,859,4389,0.195716564,620,432,0.696774194
2013,32,NV,1,1,294,1986,0.148036254,351,264,0.752136752
2013,32,NV,2,2,266,1232,0.215909091,179,114,0.636871508
2013,32,NV,3,3,218,825,0.264242424,77,49,0.636363636
2013,32,NV,4,4,81,346,0.234104046,13,5,0.384615385
2013,33,NH,0,0,71,614,0.115635179,121,87,0.719008264
2013,33,NH,1,1,27,234,0.115384615,59,51,0.86440678
2013,33,NH,2,2,25,141,0.177304965,46,31,0.673913043
2013,33,NH,3,3,13,134,0.097014925,15,5,0.333333333
2013,33,NH,4,4,6,105,0.057142857,1,0,0
2013,34,NJ,0,0,930,6312,0.147338403,974,682,0.700205339
2013,34,NJ,1,1,444,3012,0.147410359,596,444,0.744966443
2013,34,NJ,2,2,258,1581,0.163187856,222,141,0.635135135
2013,34,NJ,3,3,174,1179,0.147582697,127,82,0.645669291
2013,34,NJ,4,4,54,540,0.1,29,15,0.517241379
2013,35,NM,0,0,456,1838,0.248095756,415,195,0.469879518
2013,35,NM,1,1,128,713,0.179523142,205,133,0.648780488
2013,35,NM,2,2,149,593,0.251264755,127,43,0.338582677
2013,35,NM,3,3,134,415,0.322891566,69,16,0.231884058
2013,35,NM,4,4,45,117,0.384615385,14,3,0.214285714
2013,36,NY,0,0,3012,19121,0.157523142,2202,1100,0.499545867
2013,36,NY,1,1,872,6668,0.130773845,1012,613,0.605731225
2013,36,NY,2,2,916,4961,0.184640194,651,308,0.47311828
2013,36,NY,3,3,866,4671,0.185399272,423,147,0.34751773
2013,36,NY,4,4,358,2821,0.126905353,116,32,0.275862069
2013,37,NC,0,0,1245,7451,0.167091666,1140,707,0.620175439
2013,37,NC,1,1,378,2940,0.128571429,631,446,0.70681458
2013,37,NC,2,2,346,1945,0.177892031,321,187,0.582554517
2013,37,NC,3,3,395,1734,0.227797001,143,51,0.356643357
2013,37,NC,4,4,126,832,0.151442308,45,23,0.511111111
2013,38,ND,0,0,128,924,0.138528139,149,56,0.375838926
2013,38,ND,1,1,47,289,0.162629758,69,35,0.507246377
2013,38,ND,2,2,40,223,0.179372197,53,14,0.264150943
2013,38,ND,3,3,31,230,0.134782609,23,6,0.260869565
2013,38,ND,4,4,10,182,0.054945055,4,1,0.25
2013,39,OH,0,0,2197,10370,0.211861138,1786,826,0.462486002
2013,39,OH,1,1,683,4148,0.164657666,928,588,0.63362069
2013,39,OH,2,2,551,2345,0.234968017,424,157,0.370283019
2013,39,OH,3,3,659,2393,0.275386544,306,70,0.22875817
2013,39,OH,4,4,304,1484,0.204851752,128,11,0.0859375
2013,40,OK,0,0,1648,8787,0.187549789,1586,837,0.527742749
2013,40,OK,1,1,486,3828,0.126959248,810,542,0.669135802
2013,40,OK,2,2,444,2723,0.163055454,490,216,0.440816327
2013,40,OK,3,3,498,1665,0.299099099,225,65,0.288888889
2013,40,OK,4,4,220,571,0.385288967,61,14,0.229508197
2013,41,OR,0,0,1315,7657,0.171738279,813,410,0.504305043
2013,41,OR,1,1,469,2886,0.162508663,482,282,0.585062241
2013,41,OR,2,2,461,2153,0.214119833,231,93,0.402597403
2013,41,OR,3,3,287,1843,0.155724362,86,30,0.348837209
2013,41,OR,4,4,98,775,0.126451613,14,5,0.357142857
2013,42,PA,0,0,1587,10996,0.144325209,1989,1454,0.731020613
2013,42,PA,1,1,612,4143,0.147719044,1142,939,0.822241681
2013,42,PA,2,2,536,2570,0.208560311,531,358,0.674199623
2013,42,PA,3,3,335,2504,0.133785942,257,126,0.490272374
2013,42,PA,4,4,104,1779,0.058459809,59,31,0.525423729
2013,44,RI,0,0,113,1357,0.083271923,164,148,0.902439024
2013,44,RI,1,1,11,515,0.021359223,100,96,0.96
2013,44,RI,2,2,25,269,0.092936803,37,34,0.918918919
2013,44,RI,3,3,55,331,0.166163142,22,15,0.681818182
2013,44,RI,4,4,22,242,0.090909091,5,3,0.6
2013,45,SC,0,0,614,2738,0.224251278,581,354,0.60929432
2013,45,SC,1,1,130,906,0.143487859,254,209,0.822834646
2013,45,SC,2,2,144,706,0.203966006,157,90,0.573248408
2013,45,SC,3,3,224,732,0.306010929,116,52,0.448275862
2013,45,SC,4,4,116,394,0.294416244,54,3,0.055555556
2013,46,SD,0,0,312,1292,0.241486068,182,77,0.423076923
2013,46,SD,1,1,83,470,0.176595745,94,49,0.521276596
2013,46,SD,2,2,90,364,0.247252747,57,18,0.315789474
2013,46,SD,3,3,94,322,0.291925466,28,10,0.357142857
2013,46,SD,4,4,45,136,0.330882353,3,0,0
2013,47,TN,0,0,647,6548,0.098808797,1218,936,0.768472906
2013,47,TN,1,1,196,2313,0.084738435,557,510,0.91561939
2013,47,TN,2,2,174,1595,0.109090909,332,247,0.743975904
2013,47,TN,3,3,179,1571,0.113940165,255,146,0.57254902
2013,47,TN,4,4,98,1069,0.091674462,74,33,0.445945946
2013,48,TX,0,0,9106,27603,0.329891678,5744,2941,0.512012535
2013,48,TX,1,1,3003,11612,0.258611781,3203,1962,0.612550734
2013,48,TX,2,2,2483,7720,0.321632124,1473,689,0.467752885
2013,48,TX,3,3,2498,5918,0.422102062,838,250,0.298329356
2013,48,TX,4,4,1122,2353,0.476838079,230,40,0.173913043
2013,49,UT,0,0,377,2118,0.177998111,578,490,0.847750865
2013,49,UT,1,1,114,634,0.179810726,286,264,0.923076923
2013,49,UT,2,2,108,494,0.218623482,192,159,0.828125
2013,49,UT,3,3,112,578,0.193771626,83,57,0.686746988
2013,49,UT,4,4,43,412,0.104368932,17,10,0.588235294
2013,50,VT,0,0,148,779,0.189987163,206,157,0.762135922
2013,50,VT,1,1,32,228,0.140350877,92,83,0.902173913
2013,50,VT,2,2,43,164,0.262195122,62,47,0.758064516
2013,50,VT,3,3,54,221,0.244343891,35,22,0.628571429
2013,50,VT,4,4,19,166,0.114457831,17,5,0.294117647
2013,51,VA,0,0,1072,3917,0.273678836,828,389,0.469806763
2013,51,VA,1,1,288,1149,0.250652742,332,213,0.641566265
2013,51,VA,2,2,306,952,0.321428571,244,98,0.401639344
2013,51,VA,3,3,328,1103,0.297370807,182,64,0.351648352
2013,51,VA,4,4,150,713,0.210378682,70,14,0.2
2013,53,WA,0,0,1456,8819,0.165098084,1448,964,0.665745856
2013,53,WA,1,1,560,4043,0.138511007,864,648,0.75
2013,53,WA,2,2,388,2311,0.167892687,362,217,0.599447514
2013,53,WA,3,3,354,1661,0.213124624,171,82,0.479532164
2013,53,WA,4,4,154,804,0.191542289,51,17,0.333333333
2013,54,WV,0,0,1165,3996,0.291541542,948,495,0.522151899
2013,54,WV,1,1,438,1433,0.305652477,506,305,0.602766798
2013,54,WV,2,2,355,1004,0.353585657,263,129,0.490494297
2013,54,WV,3,3,249,932,0.267167382,151,58,0.38410596
2013,54,WV,4,4,123,627,0.196172249,28,3,0.107142857
2013,55,WI,0,0,623,5606,0.111130931,727,590,0.811554333
2013,55,WI,1,1,241,2035,0.118427518,408,353,0.865196078
2013,55,WI,2,2,193,1488,0.129704301,205,162,0.790243902
2013,55,WI,3,3,133,1296,0.102623457,92,64,0.695652174
2013,55,WI,4,4,56,787,0.07115629,22,11,0.5
2013,56,WY,0,0,54,818,0.06601467,80,61,0.7625
2013,56,WY,1,1,19,236,0.080508475,35,33,0.942857143
2013,56,WY,2,2,12,198,0.060606061,26,17,0.653846154
2013,56,WY,3,3,15,233,0.064377682,16,11,0.6875
2013,56,WY,4,4,8,151,0.052980132,3,0,0
2013,72,PR,0,0,32,4009,0.00798204,12,2,0.166666667
2013,72,PR,1,1,3,809,0.003708282,4,1,0.25
2013,72,PR,2,2,7,1056,0.006628788,5,1,0.2
2013,72,PR,3,3,16,1397,0.011453114,3,0,0
2013,72,PR,4,,6,747,0.008032129,,,
2014,1,AL,0,0,595,3882,0.15327151,536,204,0.380597015
2014,1,AL,1,1,135,1403,0.096222381,261,126,0.482758621
2014,1,AL,2,2,156,1006,0.155069583,157,56,0.356687898
2014,1,AL,3,3,207,964,0.21473029,99,20,0.202020202
2014,1,AL,4,4,97,509,0.190569745,19,2,0.105263158
2014,2,AK,0,0,398,1896,0.209915612,354,283,0.799435028
2014,2,AK,1,1,104,727,0.143053645,169,151,0.893491124
2014,2,AK,2,2,122,595,0.205042017,110,89,0.809090909
2014,2,AK,3,3,132,441,0.299319728,58,37,0.637931034
2014,2,AK,4,4,40,133,0.30075188,17,6,0.352941176
2014,4,AZ,0,0,2750,13171,0.208792043,3354,2493,0.743291592
2014,4,AZ,1,1,1171,5544,0.211219336,1752,1393,0.795091324
2014,4,AZ,2,2,830,3844,0.215920916,976,696,0.713114754
2014,4,AZ,3,3,561,2584,0.217105263,504,342,0.678571429
2014,4,AZ,4,4,188,1199,0.156797331,122,62,0.508196721
2014,5,AR,0,0,837,3457,0.242117443,794,494,0.622166247
2014,5,AR,1,1,268,1443,0.185724186,437,338,0.773455378
2014,5,AR,2,2,247,934,0.264453961,233,106,0.454935622
2014,5,AR,3,3,248,764,0.32460733,110,41,0.372727273
2014,5,AR,4,4,74,316,0.234177215,14,9,0.642857143
2014,6,CA,0,0,6396,46306,0.138124649,6577,3965,0.602858446
2014,6,CA,1,1,3057,17669,0.173014885,4284,2757,0.643557423
2014,6,CA,2,2,1859,12008,0.154813458,1588,850,0.535264484
2014,6,CA,3,3,1136,10629,0.106877411,592,304,0.513513514
2014,6,CA,4,4,344,6000,0.057333333,113,54,0.477876106
2014,8,CO,0,0,704,4174,0.168663153,781,411,0.526248399
2014,8,CO,1,1,316,1493,0.211654387,485,291,0.6
2014,8,CO,2,2,181,946,0.191331924,205,78,0.380487805
2014,8,CO,3,3,149,984,0.151422764,81,36,0.444444444
2014,8,CO,4,4,58,751,0.07723036,10,6,0.6
2014,9,CT,0,0,536,2907,0.184382525,460,314,0.682608696
2014,9,CT,1,1,161,1102,0.146098004,294,216,0.734693878
2014,9,CT,2,2,135,568,0.237676056,113,77,0.681415929
2014,9,CT,3,3,158,665,0.237593985,42,18,0.428571429
2014,9,CT,4,4,82,572,0.143356643,11,3,0.272727273
2014,10,DE,0,0,111,562,0.197508897,92,57,0.619565217
2014,10,DE,1,1,34,200,0.17,50,43,0.86
2014,10,DE,2,2,21,117,0.179487179,30,14,0.466666667
2014,10,DE,3,3,40,143,0.27972028,9,0,0
2014,10,DE,4,4,16,102,0.156862745,3,0,0
2014,11,DC,0,0,53,862,0.061484919,101,94,0.930693069
2014,11,DC,1,1,15,265,0.056603774,55,52,0.945454545
2014,11,DC,2,2,26,241,0.107883817,31,30,0.967741935
2014,11,DC,3,3,5,235,0.021276596,14,11,0.785714286
2014,11,DC,4,4,7,121,0.05785124,1,1,1
2014,12,FL,0,0,3602,16287,0.221157979,3714,2418,0.651050081
2014,12,FL,1,1,1238,7339,0.168687832,1912,1435,0.750523013
2014,12,FL,2,2,952,4501,0.211508554,956,598,0.625523013
2014,12,FL,3,3,939,3079,0.304969146,620,307,0.49516129
2014,12,FL,4,4,473,1368,0.345760234,226,78,0.345132743
2014,13,GA,0,0,1176,6943,0.169379231,1012,524,0.517786561
2014,13,GA,1,1,407,2679,0.151922359,535,341,0.637383178
2014,13,GA,2,2,315,1871,0.168359166,284,128,0.450704225
2014,13,GA,3,3,324,1563,0.207293666,164,52,0.317073171
2014,13,GA,4,4,130,830,0.156626506,29,3,0.103448276
2014,15,HI,0,0,199,1011,0.196834817,157,103,0.656050955
2014,15,HI,1,1,51,417,0.122302158,84,58,0.69047619
2014,15,HI,2,2,54,293,0.184300341,48,30,0.625
2014,15,HI,3,3,68,219,0.310502283,20,13,0.65
2014,15,HI,4,4,26,82,0.317073171,5,2,0.4
2014,16,ID,0,0,220,1262,0.174326466,203,154,0.75862069
2014,16,ID,1,1,71,526,0.134980989,104,87,0.836538462
2014,16,ID,2,2,70,378,0.185185185,63,49,0.777777778
2014,16,ID,3,3,53,240,0.220833333,22,12,0.545454545
2014,16,ID,4,4,26,118,0.220338983,14,6,0.428571429
2014,17,IL,0,0,1775,13565,0.130851456,1089,285,0.261707989
2014,17,IL,1,1,549,5376,0.102120536,559,189,0.338103757
2014,17,IL,2,2,648,4001,0.16195951,335,64,0.191044776
2014,17,IL,3,3,439,2893,0.151745593,178,30,0.168539326
2014,17,IL,4,4,139,1295,0.107335907,17,2,0.117647059
2014,18,IN,0,0,1076,11151,0.096493588,1093,548,0.50137237
2014,18,IN,1,1,305,4479,0.068095557,537,300,0.558659218
2014,18,IN,2,2,349,3225,0.108217054,361,178,0.493074792
2014,18,IN,3,3,290,2423,0.119686339,162,63,0.388888889
2014,18,IN,4,4,132,1024,0.12890625,33,7,0.212121212
2014,19,IA,0,0,748,5500,0.136,974,724,0.743326489
2014,19,IA,1,1,342,1908,0.179245283,549,427,0.777777778
2014,19,IA,2,2,220,1367,0.160936357,284,208,0.732394366
2014,19,IA,3,3,143,1285,0.111284047,120,76,0.633333333
2014,19,IA,4,4,43,940,0.045744681,21,13,0.619047619
2014,20,KS,0,0,1307,5771,0.226477214,886,390,0.440180587
2014,20,KS,1,1,401,2073,0.19343946,410,223,0.543902439
2014,20,KS,2,2,392,1682,0.233055886,287,111,0.386759582
2014,20,KS,3,3,363,1371,0.264770241,155,45,0.290322581
2014,20,KS,4,4,151,645,0.234108527,34,11,0.323529412
2014,21,KY,0,0,1228,6569,0.186938651,1129,645,0.571302037
2014,21,KY,1,1,290,2312,0.125432526,487,365,0.749486653
2014,21,KY,2,2,321,1620,0.198148148,320,176,0.55
2014,21,KY,3,3,391,1640,0.238414634,229,85,0.371179039
2014,21,KY,4,4,226,997,0.22668004,93,19,0.204301075
2014,22,LA,0,0,697,3639,0.191536136,624,489,0.783653846
2014,22,LA,1,1,192,1458,0.131687243,355,313,0.881690141
2014,22,LA,2,2,199,1028,0.193579767,188,134,0.712765957
2014,22,LA,3,3,216,794,0.272040302,70,38,0.542857143
2014,22,LA,4,4,90,359,0.250696379,11,4,0.363636364
2014,23,ME,0,0,488,1687,0.289270895,355,142,0.4
2014,23,ME,1,1,197,800,0.24625,211,99,0.469194313
2014,23,ME,2,2,137,478,0.286610879,107,31,0.289719626
2014,23,ME,3,3,105,275,0.381818182,31,11,0.35483871
2014,23,ME,4,4,49,134,0.365671642,6,1,0.166666667
2014,24,MD,0,0,183,3700,0.049459459,265,224,0.845283019
2014,24,MD,1,1,62,1225,0.050612245,164,150,0.914634146
2014,24,MD,2,2,47,798,0.058897243,63,48,0.761904762
2014,24,MD,3,3,56,999,0.056056056,31,21,0.677419355
2014,24,MD,4,4,18,678,0.026548673,7,5,0.714285714
2014,25,MA,0,0,1135,7396,0.15346133,736,396,0.538043478
2014,25,MA,1,1,396,2560,0.1546875,435,261,0.6
2014,25,MA,2,2,332,1656,0.200483092,216,104,0.481481481
2014,25,MA,3,3,287,1908,0.150419287,75,26,0.346666667
2014,25,MA,4,4,120,1272,0.094339623,10,5,0.5
2014,26,MI,0,0,3168,13000,0.243692308,2619,1323,0.505154639
2014,26,MI,1,1,1120,5119,0.218792733,1441,861,0.597501735
2014,26,MI,2,2,874,3350,0.260895522,726,331,0.455922865
2014,26,MI,3,3,781,2645,0.295274102,342,117,0.342105263
2014,26,MI,4,4,393,1886,0.208377519,110,14,0.127272727
2014,27,MN,0,0,1080,4921,0.219467588,924,489,0.529220779
2014,27,MN,1,1,408,1728,0.236111111,501,319,0.636726547
2014,27,MN,2,2,300,1192,0.251677852,254,120,0.472440945
2014,27,MN,3,3,272,1219,0.223133716,120,38,0.316666667
2014,27,MN,4,4,100,782,0.127877238,49,12,0.244897959
2014,28,MS,0,0,388,3268,0.11872705,401,240,0.598503741
2014,28,MS,1,1,100,1212,0.082508251,163,124,0.760736196
2014,28,MS,2,2,112,941,0.119022317,141,71,0.503546099
2014,28,MS,3,3,127,769,0.165149545,83,37,0.445783133
2014,28,MS,4,4,49,346,0.141618497,14,8,0.571428571
2014,29,MO,0,0,883,9913,0.089074952,1315,1059,0.805323194
2014,29,MO,1,1,213,3568,0.059697309,679,607,0.893961708
2014,29,MO,2,2,240,2765,0.086799277,385,283,0.735064935
2014,29,MO,3,3,292,2438,0.119770304,212,143,0.674528302
2014,29,MO,4,4,138,1142,0.12084063,39,26,0.666666667
2014,30,MT,0,0,366,2128,0.171992481,348,166,0.477011494
2014,30,MT,1,1,136,909,0.149614961,187,104,0.556149733
2014,30,MT,2,2,104,650,0.16,99,41,0.414141414
2014,30,MT,3,3,85,426,0.199530516,55,19,0.345454545
2014,30,MT,4,4,41,143,0.286713287,7,2,0.285714286
2014,31,NE,0,0,487,3758,0.129590208,440,321,0.729545455
2014,31,NE,1,1,130,1183,0.10989011,214,178,0.831775701
2014,31,NE,2,2,167,1055,0.158293839,147,105,0.714285714
2014,31,NE,3,3,138,889,0.155230596,58,28,0.482758621
2014,31,NE,4,4,52,631,0.082408875,21,10,0.476190476
2014,32,NV,0,0,730,4446,0.164192533,745,296,0.397315436
2014,32,NV,1,1,263,2018,0.130327056,437,201,0.459954233
2014,32,NV,2,2,214,1280,0.1671875,187,65,0.347593583
2014,32,NV,3,3,187,821,0.227771011,103,29,0.281553398
2014,32,NV,4,4,66,327,0.201834862,18,1,0.055555556
2014,33,NH,0,0,83,882,0.094104308,126,99,0.785714286
2014,33,NH,1,1,32,250,0.128,64,53,0.828125
2014,33,NH,2,2,34,149,0.228187919,45,33,0.733333333
2014,33,NH,3,3,12,224,0.053571429,16,12,0.75
2014,33,NH,4,4,5,259,0.019305019,1,1,1
2014,34,NJ,0,0,989,6418,0.15409785,1116,762,0.682795699
2014,34,NJ,1,1,442,2933,0.150698943,625,476,0.7616
2014,34,NJ,2,2,285,1711,0.166569258,311,188,0.604501608
2014,34,NJ,3,3,198,1250,0.1584,148,82,0.554054054
2014,34,NJ,4,4,64,524,0.122137405,32,16,0.5
2014,35,NM,0,0,527,1968,0.267784553,388,178,0.458762887
2014,35,NM,1,1,150,779,0.192554557,169,96,0.568047337
2014,35,NM,2,2,182,642,0.283489097,138,63,0.456521739
2014,35,NM,3,3,149,420,0.354761905,66,16,0.242424242
2014,35,NM,4,4,46,127,0.362204724,15,3,0.2
2014,36,NY,0,0,2884,17865,0.161432969,2092,1085,0.518642447
2014,36,NY,1,1,825,6118,0.13484799,1009,637,0.631318137
2014,36,NY,2,2,915,4743,0.192915876,601,287,0.477537438
2014,36,NY,3,3,800,4267,0.187485353,382,147,0.384816754
2014,36,NY,4,4,344,2737,0.125685057,100,14,0.14
2014,37,NC,0,0,1189,7938,0.14978584,1293,730,0.5645785
2014,37,NC,1,1,396,3094,0.127989657,680,459,0.675
2014,37,NC,2,2,332,2129,0.155941757,373,181,0.485254692
2014,37,NC,3,3,316,1778,0.177727784,202,77,0.381188119
2014,37,NC,4,4,145,937,0.1547492,38,13,0.342105263
2014,38,ND,0,0,168,1071,0.156862745,107,55,0.514018692
2014,38,ND,1,1,51,338,0.150887574,53,35,0.660377358
2014,38,ND,2,2,65,293,0.221843003,30,14,0.466666667
2014,38,ND,3,3,36,264,0.136363636,21,6,0.285714286
2014,38,ND,4,4,16,176,0.090909091,3,0,0
2014,39,OH,0,0,2482,10839,0.228987914,1650,686,0.415757576
2014,39,OH,1,1,785,4289,0.183026346,861,509,0.591173055
2014,39,OH,2,2,656,2574,0.254856255,424,125,0.294811321
2014,39,OH,3,3,703,2421,0.290375878,261,41,0.157088123
2014,39,OH,4,4,338,1555,0.217363344,104,11,0.105769231
2014,40,OK,0,0,1819,10156,0.179105947,2059,1216,0.59057795
2014,40,OK,1,1,547,4479,0.122125474,1075,779,0.724651163
2014,40,OK,2,2,574,3149,0.182280089,561,306,0.545454545
2014,40,OK,3,3,486,1919,0.253256905,325,115,0.353846154
2014,40,OK,4,4,212,609,0.348111658,98,16,0.163265306
2014,41,OR,0,0,1438,7385,0.194719025,932,490,0.525751073
2014,41,OR,1,1,454,2702,0.168023686,501,307,0.612774451
2014,41,OR,2,2,443,2125,0.208470588,307,128,0.416938111
2014,41,OR,3,3,370,1756,0.21070615,112,49,0.4375
2014,41,OR,4,4,171,802,0.213216958,12,6,0.5
2014,42,PA,0,0,1569,11175,0.140402685,1949,1355,0.695228322
2014,42,PA,1,1,639,4274,0.149508657,1048,806,0.769083969
2014,42,PA,2,2,484,2673,0.181069959,578,359,0.621107266
2014,42,PA,3,3,337,2489,0.135395741,279,166,0.594982079
2014,42,PA,4,4,109,1739,0.062679701,44,24,0.545454545
2014,44,RI,0,0,97,1433,0.067690161,206,189,0.917475728
2014,44,RI,1,1,10,550,0.018181818,118,117,0.991525424
2014,44,RI,2,2,18,288,0.0625,55,49,0.890909091
2014,44,RI,3,3,50,355,0.14084507,25,17,0.68
2014,44,RI,4,4,19,240,0.079166667,8,6,0.75
2014,45,SC,0,0,607,2838,0.213883016,468,267,0.570512821
2014,45,SC,1,1,132,948,0.139240506,234,176,0.752136752
2014,45,SC,2,2,135,725,0.186206897,131,65,0.496183206
2014,45,SC,3,3,205,766,0.267624021,75,22,0.293333333
2014,45,SC,4,4,135,399,0.338345865,28,4,0.142857143
2014,46,SD,0,0,285,1152,0.247395833,190,68,0.357894737
2014,46,SD,1,1,81,434,0.186635945,98,45,0.459183673
2014,46,SD,2,2,81,338,0.23964497,63,18,0.285714286
2014,46,SD,3,3,85,263,0.323193916,27,5,0.185185185
2014,46,SD,4,4,38,117,0.324786325,2,0,0
2014,47,TN,0,0,718,6877,0.104405991,1240,938,0.756451613
2014,47,TN,1,1,204,2366,0.086221471,578,501,0.866782007
2014,47,TN,2,2,188,1712,0.109813084,319,247,0.774294671
2014,47,TN,3,3,218,1642,0.132764921,251,148,0.589641434
2014,47,TN,4,4,108,1157,0.093344857,92,42,0.456521739
2014,48,TX,0,0,8824,27738,0.318119547,5835,3162,0.541902314
2014,48,TX,1,1,2844,11466,0.248037677,3193,2070,0.648293141
2014,48,TX,2,2,2431,8022,0.303041636,1592,769,0.483040201
2014,48,TX,3,3,2421,5824,0.415693681,804,280,0.348258706
2014,48,TX,4,4,1128,2426,0.464962902,246,43,0.174796748
2014,49,UT,0,0,396,2185,0.181235698,594,483,0.813131313
2014,49,UT,1,1,104,658,0.158054711,300,277,0.923333333
2014,49,UT,2,2,128,507,0.252465483,174,137,0.787356322
2014,49,UT,3,3,123,611,0.201309329,98,58,0.591836735
2014,49,UT,4,4,41,409,0.100244499,22,11,0.5
2014,50,VT,0,0,164,795,0.206289308,189,145,0.767195767
2014,50,VT,1,1,42,249,0.168674699,101,84,0.831683168
2014,50,VT,2,2,47,173,0.271676301,49,38,0.775510204
2014,50,VT,3,3,42,200,0.21,34,22,0.647058824
2014,50,VT,4,4,33,173,0.190751445,5,1,0.2
2014,51,VA,0,0,1032,3737,0.276157345,822,342,0.416058394
2014,51,VA,1,1,287,1097,0.261622607,326,196,0.601226994
2014,51,VA,2,2,292,928,0.314655172,242,85,0.351239669
2014,51,VA,3,3,316,1050,0.300952381,186,45,0.241935484
2014,51,VA,4,4,137,662,0.20694864,68,16,0.235294118
2014,53,WA,0,0,1471,9304,0.158104041,1487,1005,0.675857431
2014,53,WA,1,1,555,4231,0.131174663,811,662,0.816276202
2014,53,WA,2,2,412,2576,0.159937888,429,242,0.564102564
2014,53,WA,3,3,350,1776,0.197072072,200,88,0.44
2014,53,WA,4,4,154,721,0.213592233,47,13,0.276595745
2014,54,WV,0,0,1126,3816,0.295073375,964,519,0.538381743
2014,54,WV,1,1,445,1373,0.324107793,518,327,0.631274131
2014,54,WV,2,2,337,970,0.34742268,267,133,0.498127341
2014,54,WV,3,3,256,866,0.295612009,137,50,0.364963504
2014,54,WV,4,4,88,607,0.144975288,42,9,0.214285714
2014,55,WI,0,0,553,5786,0.095575527,741,552,0.744939271
2014,55,WI,1,1,206,2188,0.094149909,388,309,0.796391753
2014,55,WI,2,2,175,1520,0.115131579,226,163,0.721238938
2014,55,WI,3,3,115,1327,0.086661643,106,64,0.603773585
2014,55,WI,4,4,57,751,0.075898802,21,16,0.761904762
2014,56,WY,0,0,37,850,0.043529412,78,64,0.820512821
2014,56,WY,1,1,10,257,0.038910506,35,34,0.971428571
2014,56,WY,2,2,11,208,0.052884615,23,17,0.739130435
2014,56,WY,3,3,11,241,0.045643154,17,11,0.647058824
2014,56,WY,4,4,5,144,0.034722222,3,2,0.666666667
2014,72,PR,0,0,36,5046,0.007134364,11,0,0
2014,72,PR,1,1,0,938,0,8,0,0
2014,72,PR,2,2,7,1420,0.004929577,3,0,0
2014,72,PR,3,,17,1693,0.010041347,,,
2014,72,PR,4,,12,995,0.012060302,,,
2015,1,AL,0,0,549,3912,0.140337423,524,371,0.708015267
2015,1,AL,1,1,126,1415,0.089045936,247,212,0.858299595
2015,1,AL,2,2,148,1059,0.139754485,156,101,0.647435897
2015,1,AL,3,3,184,918,0.20043573,99,45,0.454545455
2015,1,AL,4,4,91,520,0.175,22,13,0.590909091
2015,2,AK,0,0,366,2058,0.177842566,290,206,0.710344828
2015,2,AK,1,1,97,829,0.117008444,144,117,0.8125
2015,2,AK,2,2,126,627,0.200956938,82,59,0.719512195
2015,2,AK,3,3,103,445,0.231460674,46,27,0.586956522
2015,2,AK,4,4,40,157,0.25477707,18,3,0.166666667
2015,4,AZ,0,0,2925,14927,0.195953641,3522,2565,0.728279387
2015,4,AZ,1,1,1185,6057,0.195641407,1796,1417,0.788975501
2015,4,AZ,2,2,912,4526,0.20150243,1070,746,0.697196262
2015,4,AZ,3,3,628,3035,0.206919275,519,330,0.63583815
2015,4,AZ,4,4,200,1309,0.152788388,137,72,0.525547445
2015,5,AR,0,0,910,3462,0.262853842,746,440,0.589812332
2015,5,AR,1,1,294,1485,0.197979798,421,316,0.750593824
2015,5,AR,2,2,267,941,0.283740701,179,78,0.43575419
2015,5,AR,3,3,273,739,0.369418133,116,35,0.301724138
2015,5,AR,4,4,76,297,0.255892256,30,11,0.366666667
2015,6,CA,0,0,6987,47686,0.146520991,6730,4010,0.595839525
2015,6,CA,1,1,3497,18473,0.189303308,4311,2764,0.641150545
2015,6,CA,2,2,2054,12681,0.161974608,1696,896,0.528301887
2015,6,CA,3,3,1097,10687,0.102648077,623,308,0.494382022
2015,6,CA,4,4,339,5845,0.057998289,100,42,0.42
2015,8,CO,0,0,855,4266,0.200421941,690,423,0.613043478
2015,8,CO,1,1,368,1563,0.235444658,460,305,0.663043478
2015,8,CO,2,2,246,1036,0.237451737,157,82,0.522292994
2015,8,CO,3,3,170,954,0.178197065,60,27,0.45
2015,8,CO,4,4,71,713,0.099579243,13,9,0.692307692
2015,9,CT,0,0,541,3011,0.179674527,490,294,0.6
2015,9,CT,1,1,208,1192,0.174496644,293,198,0.675767918
2015,9,CT,2,2,137,649,0.211093991,116,62,0.534482759
2015,9,CT,3,3,130,670,0.194029851,71,28,0.394366197
2015,9,CT,4,4,66,500,0.132,10,6,0.6
2015,10,DE,0,0,106,511,0.207436399,95,64,0.673684211
2015,10,DE,1,1,34,175,0.194285714,56,48,0.857142857
2015,10,DE,2,2,24,111,0.216216216,30,13,0.433333333
2015,10,DE,3,3,35,140,0.25,8,3,0.375
2015,10,DE,4,4,13,85,0.152941176,1,0,0
2015,11,DC,0,0,47,731,0.064295486,96,91,0.947916667
2015,11,DC,1,1,16,230,0.069565217,49,47,0.959183673
2015,11,DC,2,2,19,187,0.101604278,33,31,0.939393939
2015,11,DC,3,3,10,194,0.051546392,11,11,1
2015,11,DC,4,4,2,120,0.016666667,3,2,0.666666667
2015,12,FL,0,0,3715,18347,0.20248542,3810,2405,0.631233596
2015,12,FL,1,1,1284,8242,0.15578743,1930,1446,0.749222798
2015,12,FL,2,2,1010,5142,0.196421626,1009,591,0.585728444
2015,12,FL,3,3,963,3513,0.27412468,628,290,0.461783439
2015,12,FL,4,4,458,1450,0.315862069,243,78,0.320987654
2015,13,GA,0,0,1245,8308,0.149855561,1029,620,0.602526725
2015,13,GA,1,1,418,3192,0.130952381,540,371,0.687037037
2015,13,GA,2,2,354,2301,0.153846154,305,176,0.57704918
2015,13,GA,3,3,327,1887,0.173290938,149,61,0.409395973
2015,13,GA,4,4,146,928,0.157327586,35,12,0.342857143
2015,15,HI,0,0,213,1137,0.187335092,122,101,0.827868852
2015,15,HI,1,1,53,495,0.107070707,81,69,0.851851852
2015,15,HI,2,2,58,310,0.187096774,27,25,0.925925926
2015,15,HI,3,3,67,236,0.283898305,13,7,0.538461538
2015,15,HI,4,4,35,96,0.364583333,1,0,0
2015,16,ID,0,0,176,1059,0.166194523,244,151,0.618852459
2015,16,ID,1,1,58,412,0.140776699,104,84,0.807692308
2015,16,ID,2,2,56,311,0.180064309,82,50,0.609756098
2015,16,ID,3,3,42,230,0.182608696,44,15,0.340909091
2015,16,ID,4,4,20,106,0.188679245,14,2,0.142857143
2015,17,IL,0,0,1647,13663,0.120544536,1659,573,0.345388788
2015,17,IL,1,1,515,5314,0.096913813,844,347,0.411137441
2015,17,IL,2,2,594,4100,0.144878049,545,168,0.308256881
2015,17,IL,3,3,398,2937,0.135512428,237,53,0.223628692
2015,17,IL,4,4,140,1312,0.106707317,33,5,0.151515152
2015,18,IN,0,0,1323,13156,0.100562481,1106,567,0.512658228
2015,18,IN,1,1,398,5315,0.074882408,553,329,0.594936709
2015,18,IN,2,2,453,3963,0.114307343,347,159,0.458213256
2015,18,IN,3,3,334,2720,0.122794118,173,70,0.404624277
2015,18,IN,4,4,138,1158,0.119170984,33,9,0.272727273
2015,19,IA,0,0,836,5220,0.160153257,924,730,0.79004329
2015,19,IA,1,1,379,1777,0.21328081,506,423,0.835968379
2015,19,IA,2,2,258,1302,0.198156682,281,215,0.765124555
2015,19,IA,3,3,145,1228,0.118078176,110,73,0.663636364
2015,19,IA,4,4,54,913,0.059145674,27,19,0.703703704
2015,20,KS,0,0,1361,6167,0.220690773,1009,405,0.401387512
2015,20,KS,1,1,404,2122,0.190386428,440,236,0.536363636
2015,20,KS,2,2,425,1896,0.224156118,334,119,0.356287425
2015,20,KS,3,3,381,1453,0.262216105,188,44,0.234042553
2015,20,KS,4,4,151,696,0.216954023,47,6,0.127659574
2015,21,KY,0,0,1293,6472,0.199783684,1146,694,0.605584642
2015,21,KY,1,1,317,2238,0.141644325,451,347,0.76940133
2015,21,KY,2,2,355,1622,0.218865598,339,228,0.672566372
2015,21,KY,3,3,379,1593,0.237915882,251,94,0.374501992
2015,21,KY,4,4,242,1019,0.237487733,105,25,0.238095238
2015,22,LA,0,0,647,4006,0.161507738,690,576,0.834782609
2015,22,LA,1,1,195,1731,0.112651646,377,328,0.870026525
2015,22,LA,2,2,171,1117,0.15308863,214,184,0.859813084
2015,22,LA,3,3,211,818,0.25794621,87,59,0.67816092
2015,22,LA,4,4,70,340,0.205882353,12,5,0.416666667
2015,23,ME,0,0,509,1766,0.288221971,408,173,0.424019608
2015,23,ME,1,1,208,863,0.241019699,236,128,0.542372881
2015,23,ME,2,2,161,513,0.313840156,117,35,0.299145299
2015,23,ME,3,3,95,271,0.350553506,49,9,0.183673469
2015,23,ME,4,4,45,119,0.378151261,6,1,0.166666667
2015,24,MD,0,0,170,3304,0.051452785,291,227,0.780068729
2015,24,MD,1,1,53,1113,0.047619048,171,148,0.865497076
2015,24,MD,2,2,46,749,0.06141522,74,52,0.702702703
2015,24,MD,3,3,58,865,0.067052023,42,25,0.595238095
2015,24,MD,4,4,13,577,0.022530329,4,2,0.5
2015,25,MA,0,0,1175,8734,0.134531715,808,408,0.504950495
2015,25,MA,1,1,413,3291,0.125493771,510,293,0.574509804
2015,25,MA,2,2,361,2086,0.173058485,202,79,0.391089109
2015,25,MA,3,3,286,2122,0.134778511,78,30,0.384615385
2015,25,MA,4,4,115,1235,0.093117409,18,6,0.333333333
2015,26,MI,0,0,2846,11346,0.250837299,2578,1258,0.487975175
2015,26,MI,1,1,1045,4684,0.223099915,1415,800,0.565371025
2015,26,MI,2,2,804,3089,0.260278407,692,301,0.434971098
2015,26,MI,3,3,673,2344,0.287116041,371,135,0.363881402
2015,26,MI,4,4,324,1229,0.263628967,100,22,0.22
2015,27,MN,0,0,1185,5555,0.213321332,1001,519,0.518481518
2015,27,MN,1,1,417,1950,0.213846154,516,330,0.639534884
2015,27,MN,2,2,359,1415,0.253710247,273,114,0.417582418
2015,27,MN,3,3,289,1429,0.202239328,163,61,0.374233129
2015,27,MN,4,4,120,761,0.157687254,49,14,0.285714286
2015,28,MS,0,0,408,3888,0.104938272,428,249,0.581775701
2015,28,MS,1,1,101,1435,0.070383275,197,141,0.715736041
2015,28,MS,2,2,134,1178,0.113752122,130,70,0.538461538
2015,28,MS,3,3,123,887,0.138669673,71,30,0.422535211
2015,28,MS,4,4,50,388,0.128865979,30,8,0.266666667
2015,29,MO,0,0,811,11005,0.073693776,1354,1144,0.844903988
2015,29,MO,1,1,224,3956,0.056622851,701,642,0.915834522
2015,29,MO,2,2,238,3099,0.076798967,434,345,0.794930876
2015,29,MO,3,3,255,2741,0.09303174,179,128,0.715083799
2015,29,MO,4,4,94,1209,0.077750207,40,29,0.725
2015,30,MT,0,0,437,2231,0.195876289,282,150,0.531914894
2015,30,MT,1,1,173,930,0.186021505,147,94,0.639455782
2015,30,MT,2,2,124,696,0.17816092,81,43,0.530864198
2015,30,MT,3,3,98,466,0.210300429,44,12,0.272727273
2015,30,MT,4,4,42,139,0.302158273,10,1,0.1
2015,31,NE,0,0,440,3420,0.128654971,531,412,0.775894539
2015,31,NE,1,1,116,1225,0.094693878,253,215,0.849802372
2015,31,NE,2,2,161,1058,0.152173913,165,129,0.781818182
2015,31,NE,3,3,116,786,0.147582697,95,59,0.621052632
2015,31,NE,4,4,47,351,0.133903134,18,9,0.5
2015,32,NV,0,0,528,3979,0.132696657,794,576,0.725440806
2015,32,NV,1,1,166,1809,0.091763405,464,368,0.793103448
2015,32,NV,2,2,160,1171,0.136635354,217,146,0.67281106
2015,32,NV,3,3,149,742,0.200808625,99,54,0.545454545
2015,32,NV,4,4,53,257,0.206225681,14,8,0.571428571
2015,33,NH,0,0,96,776,0.12371134,83,64,0.771084337
2015,33,NH,1,1,31,225,0.137777778,41,39,0.951219512
2015,33,NH,2,2,41,148,0.277027027,20,15,0.75
2015,33,NH,3,3,17,193,0.088082902,19,7,0.368421053
2015,33,NH,4,4,7,210,0.033333333,3,3,1
2015,34,NJ,0,0,1089,6672,0.163219424,1131,760,0.671971706
2015,34,NJ,1,1,456,3016,0.151193634,601,459,0.763727121
2015,34,NJ,2,2,346,1897,0.182393253,347,204,0.587896254
2015,34,NJ,3,3,213,1218,0.174876847,147,80,0.544217687
2015,34,NJ,4,4,74,541,0.136783734,36,17,0.472222222
2015,35,NM,0,0,542,2257,0.240141781,351,148,0.421652422
2015,35,NM,1,1,144,842,0.171021378,165,87,0.527272727
2015,35,NM,2,2,199,770,0.258441558,91,33,0.362637363
2015,35,NM,3,3,155,516,0.300387597,75,23,0.306666667
2015,35,NM,4,4,44,129,0.341085271,20,5,0.25
2015,36,NY,0,0,2882,17540,0.164310148,1951,1009,0.517170682
2015,36,NY,1,1,856,6092,0.140512147,878,552,0.628701595
2015,36,NY,2,2,927,4701,0.197192087,635,300,0.472440945
2015,36,NY,3,3,760,4134,0.183841316,338,135,0.399408284
2015,36,NY,4,4,339,2613,0.129735936,100,22,0.22
2015,37,NC,0,0,1324,8766,0.151038102,1366,817,0.598096633
2015,37,NC,1,1,436,3300,0.132121212,706,479,0.678470255
2015,37,NC,2,2,397,2496,0.159054487,417,225,0.539568345
2015,37,NC,3,3,351,1996,0.175851703,195,95,0.487179487
2015,37,NC,4,4,140,974,0.143737166,48,18,0.375
2015,38,ND,0,0,139,1173,0.118499574,176,106,0.602272727
2015,38,ND,1,1,36,391,0.092071611,85,59,0.694117647
2015,38,ND,2,2,46,319,0.144200627,64,37,0.578125
2015,38,ND,3,3,45,290,0.155172414,19,8,0.421052632
2015,38,ND,4,4,12,173,0.069364162,8,2,0.25
2015,39,OH,0,0,2481,11063,0.22426105,1537,704,0.458035133
2015,39,OH,1,1,753,4210,0.178859857,771,476,0.617380026
2015,39,OH,2,2,676,2765,0.244484629,379,154,0.406332454
2015,39,OH,3,3,705,2542,0.277340677,284,64,0.225352113
2015,39,OH,4,4,347,1546,0.224450194,103,10,0.097087379
2015,40,OK,0,0,2336,11070,0.211020777,2297,1543,0.671745755
2015,40,OK,1,1,789,4832,0.163286424,1129,895,0.792736935
2015,40,OK,2,2,707,3453,0.204749493,718,439,0.611420613
2015,40,OK,3,3,597,2132,0.280018762,361,184,0.509695291
2015,40,OK,4,4,243,653,0.372128637,89,25,0.280898876
2015,41,OR,0,0,1408,6507,0.216382357,724,379,0.523480663
2015,41,OR,1,1,422,2367,0.178284749,413,233,0.564164649
2015,41,OR,2,2,481,1956,0.24591002,221,106,0.479638009
2015,41,OR,3,3,369,1521,0.24260355,69,34,0.492753623
2015,41,OR,4,4,136,663,0.205128205,21,6,0.285714286
2015,42,PA,0,0,1579,12088,0.130625414,2163,1445,0.668053629
2015,42,PA,1,1,618,4614,0.133940182,1173,864,0.73657289
2015,42,PA,2,2,510,2995,0.170283806,652,414,0.634969325
2015,42,PA,3,3,344,2629,0.130848231,280,141,0.503571429
2015,42,PA,4,4,107,1850,0.057837838,58,26,0.448275862
2015,44,RI,0,0,91,1534,0.059322034,228,197,0.864035088
2015,44,RI,1,1,7,600,0.011666667,132,124,0.939393939
2015,44,RI,2,2,22,353,0.062322946,64,53,0.828125
2015,44,RI,3,3,35,330,0.106060606,26,17,0.653846154
2015,44,RI,4,4,27,251,0.107569721,6,3,0.5
2015,45,SC,0,0,558,3143,0.177537385,466,269,0.577253219
2015,45,SC,1,1,145,1080,0.134259259,224,171,0.763392857
2015,45,SC,2,2,140,884,0.158371041,140,71,0.507142857
2015,45,SC,3,3,162,778,0.208226221,77,21,0.272727273
2015,45,SC,4,4,111,401,0.27680798,25,6,0.24
2015,46,SD,0,0,280,1081,0.259019426,107,29,0.271028037
2015,46,SD,1,1,83,384,0.216145833,63,20,0.317460317
2015,46,SD,2,2,92,346,0.265895954,31,5,0.161290323
2015,46,SD,3,3,69,250,0.276,13,4,0.307692308
2015,46,SD,4,,36,101,0.356435644,,,
2015,47,TN,0,0,790,6347,0.124468253,1167,856,0.733504713
2015,47,TN,1,1,205,2044,0.100293542,493,430,0.872210953
2015,47,TN,2,2,204,1608,0.126865672,341,251,0.736070381
2015,47,TN,3,3,242,1555,0.15562701,222,131,0.59009009
2015,47,TN,4,4,139,1140,0.121929825,111,44,0.396396396
2015,48,TX,0,0,8704,28400,0.306478873,6280,3524,0.561146497
2015,48,TX,1,1,2795,11765,0.237569061,3441,2311,0.671607091
2015,48,TX,2,2,2451,8280,0.296014493,1709,845,0.494441194
2015,48,TX,3,3,2357,5965,0.395138307,871,321,0.368541906
2015,48,TX,4,4,1101,2390,0.460669456,259,47,0.181467181
2015,49,UT,0,0,425,2366,0.179628064,600,513,0.855
2015,49,UT,1,1,129,759,0.169960474,328,309,0.942073171
2015,49,UT,2,2,134,614,0.218241042,175,145,0.828571429
2015,49,UT,3,3,119,593,0.200674536,77,47,0.61038961
2015,49,UT,4,4,43,400,0.1075,20,12,0.6
2015,50,VT,0,0,178,958,0.185803758,210,153,0.728571429
2015,50,VT,1,1,49,341,0.143695015,112,91,0.8125
2015,50,VT,2,2,49,207,0.236714976,53,39,0.735849057
2015,50,VT,3,3,53,239,0.221757322,35,18,0.514285714
2015,50,VT,4,4,27,171,0.157894737,10,5,0.5
2015,51,VA,0,0,1006,3992,0.252004008,812,298,0.366995074
2015,51,VA,1,1,294,1233,0.238442822,354,185,0.52259887
2015,51,VA,2,2,278,1022,0.272015656,231,74,0.32034632
2015,51,VA,3,3,313,1038,0.301541426,163,32,0.196319018
2015,51,VA,4,4,121,699,0.173104435,64,7,0.109375
2015,53,WA,0,0,1535,9690,0.158410733,1516,1085,0.715699208
2015,53,WA,1,1,534,4330,0.123325635,841,714,0.848989298
2015,53,WA,2,2,491,2755,0.178221416,367,248,0.675749319
2015,53,WA,3,3,377,1904,0.198004202,245,105,0.428571429
2015,53,WA,4,4,133,701,0.189728959,63,18,0.285714286
2015,54,WV,0,0,1147,4060,0.282512315,990,541,0.546464646
2015,54,WV,1,1,459,1479,0.310344828,548,333,0.607664234
2015,54,WV,2,2,334,1010,0.330693069,249,131,0.526104418
2015,54,WV,3,3,257,956,0.268828452,158,65,0.411392405
2015,54,WV,4,4,97,615,0.157723577,35,12,0.342857143
2015,55,WI,0,0,538,6167,0.087238528,716,515,0.719273743
2015,55,WI,1,1,200,2405,0.083160083,388,292,0.75257732
2015,55,WI,2,2,159,1651,0.09630527,226,159,0.703539823
2015,55,WI,3,3,136,1373,0.099053168,84,54,0.642857143
2015,55,WI,4,4,43,738,0.058265583,18,10,0.555555556
2015,56,WY,0,0,44,872,0.050458716,58,50,0.862068966
2015,56,WY,1,1,16,284,0.056338028,28,24,0.857142857
2015,56,WY,2,2,8,222,0.036036036,24,21,0.875
2015,56,WY,3,3,17,227,0.074889868,5,4,0.8
2015,56,WY,4,4,3,139,0.021582734,1,1,1
2015,72,PR,0,0,39,4801,0.008123308,7,1,0.142857143
2015,72,PR,1,1,9,822,0.010948905,2,0,0
2015,72,PR,2,2,11,1410,0.007801418,5,1,0.2
2015,72,PR,3,,12,1662,0.007220217,,,
2015,72,PR,4,,7,907,0.007717751,,,
2016,1,AL,0,0,514,4096,0.125488281,444,251,0.565315315
2016,1,AL,1,1,112,1498,0.074766355,239,155,0.648535565
2016,1,AL,2,2,149,1082,0.137707948,114,61,0.535087719
2016,1,AL,3,3,173,995,0.173869347,72,26,0.361111111
2016,1,AL,4,4,80,521,0.153550864,19,9,0.473684211
2016,2,AK,0,0,204,2684,0.076005961,546,198,0.362637363
2016,2,AK,1,1,65,1118,0.058139535,187,85,0.454545455
2016,2,AK,2,2,66,824,0.080097087,189,74,0.391534392
2016,2,AK,3,3,49,545,0.089908257,119,31,0.260504202
2016,2,AK,4,4,24,197,0.121827411,51,8,0.156862745
2016,4,AZ,0,0,3128,16415,0.190557417,3945,1364,0.345754119
2016,4,AZ,1,1,1255,6660,0.188438438,2010,738,0.367164179
2016,4,AZ,2,2,991,4858,0.203993413,1162,397,0.341652324
2016,4,AZ,3,3,666,3476,0.19159954,632,187,0.295886076
2016,4,AZ,4,4,216,1421,0.15200563,141,42,0.29787234
2016,5,AR,0,0,921,3962,0.232458354,589,228,0.387096774
2016,5,AR,1,1,298,1680,0.177380952,350,169,0.482857143
2016,5,AR,2,2,249,1079,0.230769231,157,42,0.267515924
2016,5,AR,3,3,284,854,0.332552693,63,14,0.222222222
2016,5,AR,4,4,90,349,0.257879656,19,3,0.157894737
2016,6,CA,0,0,7287,47418,0.153675819,5808,1625,0.279786501
2016,6,CA,1,1,3626,18725,0.19364486,3795,1145,0.30171278
2016,6,CA,2,2,2181,12642,0.172520171,1398,312,0.223175966
2016,6,CA,3,3,1138,10574,0.10762247,519,143,0.275529865
2016,6,CA,4,4,342,5477,0.062442943,96,25,0.260416667
2016,8,CO,0,0,845,4279,0.197476046,496,174,0.350806452
2016,8,CO,1,1,389,1604,0.242518703,321,120,0.373831776
2016,8,CO,2,2,238,1011,0.235410485,113,36,0.318584071
2016,8,CO,3,3,148,964,0.153526971,56,17,0.303571429
2016,8,CO,4,4,70,700,0.1,6,1,0.166666667
2016,9,CT,0,0,540,3022,0.17868961,430,288,0.669767442
2016,9,CT,1,1,194,1210,0.160330579,246,182,0.739837398
2016,9,CT,2,2,136,701,0.194008559,109,71,0.651376147
2016,9,CT,3,3,149,666,0.223723724,61,29,0.475409836
2016,9,CT,4,4,61,445,0.137078652,14,6,0.428571429
2016,10,DE,0,0,120,586,0.204778157,97,39,0.402061856
2016,10,DE,1,1,33,222,0.148648649,56,32,0.571428571
2016,10,DE,2,2,36,132,0.272727273,24,5,0.208333333
2016,10,DE,3,3,35,152,0.230263158,15,2,0.133333333
2016,10,DE,4,4,16,80,0.2,2,0,0
2016,11,DC,0,0,46,735,0.062585034,66,62,0.939393939
2016,11,DC,1,1,12,239,0.050209205,32,30,0.9375
2016,11,DC,2,2,22,217,0.101382488,17,15,0.882352941
2016,11,DC,3,3,8,192,0.041666667,15,15,1
2016,11,DC,4,4,4,87,0.045977011,2,2,1
2016,12,FL,0,0,3871,20787,0.186222158,4009,1350,0.33674233
2016,12,FL,1,1,1333,9461,0.140894197,2112,904,0.428030303
2016,12,FL,2,2,1096,5885,0.186236194,1013,291,0.287265548
2016,12,FL,3,3,953,3829,0.24889005,659,125,0.189681335
2016,12,FL,4,4,489,1612,0.303349876,225,30,0.133333333
2016,13,GA,0,0,1318,10099,0.130507971,786,339,0.43129771
2016,13,GA,1,1,451,3933,0.114670735,429,211,0.491841492
2016,13,GA,2,2,409,2885,0.141767764,235,87,0.370212766
2016,13,GA,3,3,333,2244,0.148395722,99,36,0.363636364
2016,13,GA,4,4,125,1037,0.120540019,23,5,0.217391304
2016,15,HI,0,0,144,1259,0.114376489,136,47,0.345588235
2016,15,HI,1,1,38,559,0.067978533,78,29,0.371794872
2016,15,HI,2,2,28,338,0.082840237,33,13,0.393939394
2016,15,HI,3,3,45,256,0.17578125,15,2,0.133333333
2016,15,HI,4,4,33,106,0.311320755,10,3,0.3
2016,16,ID,0,0,193,1223,0.157808667,247,62,0.251012146
2016,16,ID,1,1,55,465,0.11827957,118,36,0.305084746
2016,16,ID,2,2,61,353,0.172804533,71,14,0.197183099
2016,16,ID,3,3,50,274,0.182481752,39,9,0.230769231
2016,16,ID,4,4,27,131,0.20610687,19,3,0.157894737
2016,17,IL,0,0,2689,13771,0.195265413,1550,150,0.096774194
2016,17,IL,1,1,871,5437,0.160198639,835,98,0.117365269
2016,17,IL,2,2,976,3971,0.245781919,459,36,0.078431373
2016,17,IL,3,3,649,2970,0.218518519,220,15,0.068181818
2016,17,IL,4,4,193,1393,0.138549892,34,1,0.029411765
2016,18,IN,0,0,1415,15825,0.089415482,980,313,0.319387755
2016,18,IN,1,1,466,6540,0.071253823,482,174,0.360995851
2016,18,IN,2,2,462,4828,0.095691798,305,90,0.295081967
2016,18,IN,3,3,357,3286,0.108642727,155,42,0.270967742
2016,18,IN,4,4,130,1171,0.111016225,38,7,0.184210526
2016,19,IA,0,0,757,5118,0.14790934,937,330,0.352187834
2016,19,IA,1,1,333,1836,0.181372549,495,193,0.38989899
2016,19,IA,2,2,218,1248,0.174679487,282,94,0.333333333
2016,19,IA,3,3,155,1184,0.130912162,125,31,0.248
2016,19,IA,4,4,51,850,0.06,35,12,0.342857143
2016,20,KS,0,0,1514,6607,0.229150901,952,190,0.199579832
2016,20,KS,1,1,398,2252,0.176731794,409,105,0.256723716
2016,20,KS,2,2,509,1961,0.259561448,302,52,0.17218543
2016,20,KS,3,3,447,1651,0.270745003,182,28,0.153846154
2016,20,KS,4,4,160,743,0.215343203,59,5,0.084745763
2016,21,KY,0,0,1381,6631,0.208264214,1174,313,0.266609881
2016,21,KY,1,1,315,2273,0.13858337,527,185,0.351043643
2016,21,KY,2,2,392,1722,0.227642276,365,91,0.249315068
2016,21,KY,3,3,421,1603,0.262632564,200,28,0.14
2016,21,KY,4,4,253,1033,0.244917715,82,9,0.109756098
2016,22,LA,0,0,644,4240,0.151886792,681,368,0.540381791
2016,22,LA,1,1,208,1843,0.112859468,387,227,0.586563307
2016,22,LA,2,2,151,1146,0.131762653,199,106,0.532663317
2016,22,LA,3,3,206,871,0.236509759,77,30,0.38961039
2016,22,LA,4,4,79,380,0.207894737,18,5,0.277777778
2016,23,ME,0,0,587,1768,0.332013575,367,48,0.130790191
2016,23,ME,1,1,232,866,0.267898383,225,32,0.142222222
2016,23,ME,2,2,181,477,0.379454927,91,10,0.10989011
2016,23,ME,3,3,131,311,0.421221865,43,5,0.11627907
2016,23,ME,4,4,43,114,0.377192982,8,1,0.125
2016,24,MD,0,0,228,3155,0.072266244,210,120,0.571428571
2016,24,MD,1,1,81,1100,0.073636364,137,87,0.635036496
2016,24,MD,2,2,59,745,0.079194631,47,25,0.531914894
2016,24,MD,3,3,69,789,0.087452471,25,8,0.32
2016,24,MD,4,4,19,521,0.03646833,1,0,0
2016,25,MA,0,0,1248,9122,0.136812103,685,132,0.19270073
2016,25,MA,1,1,477,3387,0.140832595,414,92,0.222222222
2016,25,MA,2,2,375,2346,0.159846547,181,27,0.149171271
2016,25,MA,3,3,295,2150,0.137209302,75,13,0.173333333
2016,25,MA,4,4,101,1239,0.081517353,15,0,0
2016,26,MI,0,0,3050,10655,0.286250587,2480,479,0.193145161
2016,26,MI,1,1,1197,4649,0.257474726,1348,300,0.222551929
2016,26,MI,2,2,912,2961,0.308004053,682,119,0.174486804
2016,26,MI,3,3,664,2092,0.317399618,335,49,0.146268657
2016,26,MI,4,4,277,953,0.29066107,115,11,0.095652174
2016,27,MN,0,0,1312,6804,0.192827748,1127,241,0.213842059
2016,27,MN,1,1,450,2466,0.182481752,561,137,0.244206774
2016,27,MN,2,2,418,1878,0.22257721,321,64,0.199376947
2016,27,MN,3,3,309,1624,0.190270936,184,30,0.163043478
2016,27,MN,4,4,135,836,0.161483254,61,10,0.163934426
2016,28,MS,0,0,531,4318,0.122973599,340,102,0.3
2016,28,MS,1,1,155,1661,0.093317279,151,51,0.337748344
2016,28,MS,2,2,158,1288,0.122670807,110,35,0.318181818
2016,28,MS,3,3,152,963,0.157840083,64,14,0.21875
2016,28,MS,4,4,66,406,0.162561576,15,2,0.133333333
2016,29,MO,0,0,878,11362,0.077275128,1389,936,0.673866091
2016,29,MO,1,1,238,4115,0.057837181,740,551,0.744594595
2016,29,MO,2,2,270,3224,0.083746898,407,251,0.616707617
2016,29,MO,3,3,253,2780,0.091007194,188,100,0.531914894
2016,29,MO,4,4,117,1243,0.094127112,54,34,0.62962963
2016,30,MT,0,0,375,2678,0.140029873,338,63,0.186390533
2016,30,MT,1,1,130,1126,0.115452931,167,38,0.22754491
2016,30,MT,2,2,106,848,0.125,97,16,0.164948454
2016,30,MT,3,3,99,547,0.180987203,54,6,0.111111111
2016,30,MT,4,4,40,157,0.25477707,20,3,0.15
2016,31,NE,0,0,434,3448,0.12587007,462,186,0.402597403
2016,31,NE,1,1,136,1304,0.104294479,224,109,0.486607143
2016,31,NE,2,2,128,994,0.128772636,136,46,0.338235294
2016,31,NE,3,3,125,811,0.154130703,85,29,0.341176471
2016,31,NE,4,4,45,339,0.132743363,17,2,0.117647059
2016,32,NV,0,0,702,4161,0.168709445,709,315,0.444287729
2016,32,NV,1,1,270,1838,0.146898803,383,194,0.506527415
2016,32,NV,2,2,213,1219,0.174733388,198,77,0.388888889
2016,32,NV,3,3,170,842,0.201900238,107,34,0.317757009
2016,32,NV,4,4,49,262,0.187022901,21,10,0.476190476
2016,33,NH,0,0,60,902,0.066518847,57,38,0.666666667
2016,33,NH,1,1,22,293,0.075085324,37,24,0.648648649
2016,33,NH,2,2,13,155,0.083870968,17,11,0.647058824
2016,33,NH,3,3,19,231,0.082251082,3,3,1
2016,33,NH,4,,6,223,0.02690583,,,
2016,34,NJ,0,0,1158,6438,0.179869525,1007,380,0.377358491
2016,34,NJ,1,1,429,2827,0.151750973,554,243,0.438628159
2016,34,NJ,2,2,424,1879,0.225651943,275,84,0.305454545
2016,34,NJ,3,3,233,1251,0.186250999,152,47,0.309210526
2016,34,NJ,4,4,72,481,0.14968815,26,6,0.230769231
2016,35,NM,0,0,530,2367,0.223912125,307,41,0.133550489
2016,35,NM,1,1,139,920,0.151086957,151,27,0.178807947
2016,35,NM,2,2,172,770,0.223376623,92,9,0.097826087
2016,35,NM,3,3,167,528,0.316287879,53,3,0.056603774
2016,35,NM,4,4,52,149,0.348993289,11,2,0.181818182
2016,36,NY,0,0,2759,16654,0.165665906,1670,400,0.239520958
2016,36,NY,1,1,790,5765,0.137033825,832,247,0.296875
2016,36,NY,2,2,939,4508,0.208296362,470,96,0.204255319
2016,36,NY,3,3,724,3898,0.185736275,277,47,0.16967509
2016,36,NY,4,4,306,2483,0.123238019,91,10,0.10989011
2016,37,NC,0,0,1518,9139,0.166101324,1103,406,0.368087035
2016,37,NC,1,1,530,3588,0.147714604,590,252,0.427118644
2016,37,NC,2,2,455,2526,0.180126683,319,109,0.34169279
2016,37,NC,3,3,396,2074,0.190935391,147,30,0.204081633
2016,37,NC,4,4,137,951,0.144058885,47,15,0.319148936
2016,38,ND,0,0,182,1215,0.149794239,195,33,0.169230769
2016,38,ND,1,1,55,414,0.132850242,85,14,0.164705882
2016,38,ND,2,2,61,357,0.170868347,65,11,0.169230769
2016,38,ND,3,3,46,279,0.164874552,38,6,0.157894737
2016,38,ND,4,4,20,165,0.121212121,7,2,0.285714286
2016,39,OH,0,0,2449,11752,0.208390061,1696,256,0.150943396
2016,39,OH,1,1,716,4443,0.161152375,816,203,0.24877451
2016,39,OH,2,2,697,3041,0.229200921,395,40,0.101265823
2016,39,OH,3,3,700,2734,0.256035113,322,10,0.031055901
2016,39,OH,4,4,336,1534,0.219035202,163,3,0.018404908
2016,40,OK,0,0,2285,10735,0.212855147,2578,974,0.377812258
2016,40,OK,1,1,697,4648,0.149956971,1295,578,0.446332046
2016,40,OK,2,2,726,3263,0.222494637,753,266,0.353253652
2016,40,OK,3,3,619,2176,0.284466912,404,101,0.25
2016,40,OK,4,4,243,648,0.375,126,29,0.23015873
2016,41,OR,0,0,1240,6686,0.18546216,777,162,0.208494208
2016,41,OR,1,1,361,2469,0.146213042,418,92,0.220095694
2016,41,OR,2,2,384,1995,0.192481203,247,49,0.198380567
2016,41,OR,3,3,337,1552,0.217139175,102,20,0.196078431
2016,41,OR,4,4,158,670,0.235820896,10,1,0.1
2016,42,PA,0,0,1882,13491,0.139500408,1803,710,0.393788131
2016,42,PA,1,1,733,5122,0.143108161,981,440,0.448521916
2016,42,PA,2,2,627,3376,0.185722749,530,187,0.352830189
2016,42,PA,3,3,399,3020,0.132119205,249,69,0.277108434
2016,42,PA,4,4,123,1973,0.062341612,43,14,0.325581395
2016,44,RI,0,0,104,1613,0.064476131,295,236,0.8
2016,44,RI,1,1,26,661,0.039334342,165,137,0.83030303
2016,44,RI,2,2,21,375,0.056,88,75,0.852272727
2016,44,RI,3,3,28,337,0.083086053,34,20,0.588235294
2016,44,RI,4,4,29,240,0.120833333,8,4,0.5
2016,45,SC,0,0,606,3352,0.180787589,375,125,0.333333333
2016,45,SC,1,1,146,1206,0.12106136,183,83,0.453551913
2016,45,SC,2,2,171,885,0.193220339,98,26,0.265306122
2016,45,SC,3,3,186,831,0.223826715,69,15,0.217391304
2016,45,SC,4,4,103,430,0.239534884,25,1,0.04
2016,46,SD,0,0,247,1142,0.216287215,142,14,0.098591549
2016,46,SD,1,1,73,447,0.163310962,81,6,0.074074074
2016,46,SD,2,2,72,333,0.216216216,43,6,0.139534884
2016,46,SD,3,3,71,270,0.262962963,16,2,0.125
2016,46,SD,4,4,31,92,0.336956522,2,0,0
2016,47,TN,0,0,851,6484,0.131246144,1084,535,0.493542435
2016,47,TN,1,1,213,2124,0.100282486,473,292,0.617336152
2016,47,TN,2,2,239,1660,0.143975904,296,147,0.496621622
2016,47,TN,3,3,256,1569,0.163161249,215,73,0.339534884
2016,47,TN,4,4,143,1131,0.126436782,100,23,0.23
2016,48,TX,0,0,8796,27958,0.314614779,5695,1330,0.233538191
2016,48,TX,1,1,2893,11561,0.250237869,3105,862,0.277616747
2016,48,TX,2,2,2455,8080,0.303836634,1449,291,0.200828157
2016,48,TX,3,3,2378,5965,0.398658843,854,146,0.170960187
2016,48,TX,4,4,1070,2352,0.454931973,287,31,0.108013937
2016,49,UT,0,0,379,2171,0.174573929,502,328,0.653386454
2016,49,UT,1,1,120,757,0.158520476,296,217,0.733108108
2016,49,UT,2,2,110,520,0.211538462,132,75,0.568181818
2016,49,UT,3,3,107,515,0.20776699,59,27,0.457627119
2016,49,UT,4,4,42,379,0.110817942,15,9,0.6
2016,50,VT,0,0,178,1178,0.151103565,268,104,0.388059701
2016,50,VT,1,1,68,467,0.145610278,135,67,0.496296296
2016,50,VT,2,2,38,279,0.136200717,79,25,0.316455696
2016,50,VT,3,3,53,272,0.194852941,37,4,0.108108108
2016,50,VT,4,4,19,160,0.11875,17,8,0.470588235
2016,51,VA,0,0,1135,4129,0.27488496,805,94,0.116770186
2016,51,VA,1,1,325,1278,0.254303599,373,63,0.168900804
2016,51,VA,2,2,338,1041,0.3246878,228,19,0.083333333
2016,51,VA,3,3,342,1120,0.305357143,152,9,0.059210526
2016,51,VA,4,4,130,690,0.188405797,52,3,0.057692308
2016,53,WA,0,0,1475,9601,0.15362983,1489,495,0.332437878
2016,53,WA,1,1,510,4332,0.117728532,825,325,0.393939394
2016,53,WA,2,2,429,2729,0.15720044,418,119,0.284688995
2016,53,WA,3,3,398,1876,0.212153518,197,49,0.248730964
2016,53,WA,4,4,138,664,0.207831325,49,2,0.040816327
2016,54,WV,0,0,1184,4432,0.267148014,649,183,0.281972265
2016,54,WV,1,1,473,1624,0.291256158,328,99,0.301829268
2016,54,WV,2,2,327,1137,0.287598945,183,54,0.295081967
2016,54,WV,3,3,277,1064,0.260338346,110,28,0.254545455
2016,54,WV,4,4,107,607,0.176276771,28,2,0.071428571
2016,55,WI,0,0,602,6376,0.094416562,841,297,0.353151011
2016,55,WI,1,1,213,2457,0.086691087,446,178,0.399103139
2016,55,WI,2,2,215,1783,0.120583287,254,82,0.322834646
2016,55,WI,3,3,132,1409,0.093683463,115,31,0.269565217
2016,55,WI,4,4,42,727,0.057771664,26,6,0.230769231
2016,56,WY,0,0,31,999,0.031031031,68,55,0.808823529
2016,56,WY,1,1,10,328,0.030487805,31,28,0.903225806
2016,56,WY,2,2,8,290,0.027586207,23,17,0.739130435
2016,56,WY,3,3,8,251,0.03187251,11,8,0.727272727
2016,56,WY,4,4,5,130,0.038461538,3,2,0.666666667
2016,72,PR,0,0,31,2060,0.015048544,1,0,0
2016,72,PR,1,,6,313,0.019169329,,,
2016,72,PR,2,2,15,660,0.022727273,1,0,0
2016,72,PR,3,,9,751,0.011984021,,,
